Date,signal,zscore,daily_pnl,cumulative_pnl
2020-02-13,0,1.0413613100421004,0.0,0.0
2020-02-14,0,1.2303573189979897,0.0,0.0
2020-02-18,0,1.141770637857919,-0.0,0.0
2020-02-19,0,1.466064183984588,0.0,0.0
2020-02-20,0,1.480530170215199,-0.0,0.0
2020-02-21,0,1.7459739310256241,0.0,0.0
2020-02-24,0,0.7877253916537945,-0.0,0.0
2020-02-25,0,0.13420072491714535,-0.0,0.0
2020-02-26,0,-0.649063211658414,-0.0,0.0
2020-02-27,1,-2.1452944221093437,-15.0,-15.0
2020-02-28,1,-2.1708512900294896,-169.4621731471399,-184.4621731471399
2020-03-02,1,-0.9939173906029513,331.8613050151664,147.3991318680265
2020-03-03,0,-0.0231584193800079,52.37434913924149,199.773481007268
2020-03-04,0,1.1472774481490842,0.0,199.773481007268
2020-03-05,0,-0.5871763672257971,-0.0,199.773481007268
2020-03-06,1,-2.1539699933178205,-15.0,184.773481007268
2020-03-09,1,-3.116970383683077,-464.62131583672385,-279.84783482945585
2020-03-10,1,-2.1632902525790687,258.0334679608021,-21.814366868653735
2020-03-11,1,-2.125568622931362,-174.90785233138718,-196.7222192000409
2020-03-12,1,-2.5075666272998514,-643.7925513686415,-840.5147705686825
2020-03-13,1,-3.1283060231068083,62.12759449683382,-778.3871760718487
2020-03-16,1,-2.1782954522417244,-334.1172479802115,-1112.5044240520601
2020-03-17,1,-2.925216315734993,47.44730801836031,-1065.0571160337
2020-03-18,1,-2.616494899276732,-338.7918628760252,-1403.8489789097252
2020-03-19,1,-2.864849341667746,-587.1300388024608,-1990.979017712186
2020-03-20,1,-2.356430466572225,-511.04948391868135,-2502.0285016308676
2020-03-23,1,-2.369088212991016,-228.2398323487591,-2730.2683339796267
2020-03-24,1,-2.248774476567314,263.4005809013536,-2466.8677530782734
2020-03-25,1,-1.4003692520667845,581.8083432673154,-1885.059409810958
2020-03-26,1,-1.1934011393543547,443.18378052848516,-1441.8756292824728
2020-03-27,1,-1.4954303086658813,-339.0039950547507,-1780.8796243372235
2020-03-30,1,-1.2103632557574384,390.1905766293122,-1390.6890477079114
2020-03-31,1,-0.92887878535457,-41.79346267685391,-1432.4825103847654
2020-04-01,1,-1.258697842163521,-433.3433965190366,-1865.825906903802
2020-04-02,1,-1.1393221919025136,292.94612539016003,-1572.879781513642
2020-04-03,1,-1.1561227833415368,-44.46846482808688,-1617.3482463417288
2020-04-06,1,-0.843671309700689,494.37767254486795,-1122.970573796861
2020-04-07,1,-0.7782574181161109,-19.186452356255668,-1142.1570261531165
2020-04-08,1,-0.5296477203269471,234.11832894189988,-908.0386972112166
2020-04-09,0,-0.22431645334317754,209.3578450519565,-698.6808521592601
2020-04-13,0,-0.5629977797771629,-0.0,-698.6808521592601
2020-04-14,0,-0.5717567792865782,0.0,-698.6808521592601
2020-04-15,0,-0.6311815289416852,-0.0,-698.6808521592601
2020-04-16,0,-0.8436906427747053,-0.0,-698.6808521592601
2020-04-17,0,-0.6512259997818644,0.0,-698.6808521592601
2020-04-20,0,-0.9003535673344641,-0.0,-698.6808521592601
2020-04-21,0,-0.9026067794680939,-0.0,-698.6808521592601
2020-04-22,0,-0.9797504294840952,0.0,-698.6808521592601
2020-04-23,0,-0.9456587981255069,-0.0,-698.6808521592601
2020-04-24,0,-1.5258017906708397,-0.0,-698.6808521592601
2020-04-27,0,-0.507702591181723,0.0,-698.6808521592601
2020-04-28,0,-1.0336991084361393,-0.0,-698.6808521592601
2020-04-29,0,0.2751846990653612,0.0,-698.6808521592601
2020-04-30,0,-0.6536343353945847,-0.0,-698.6808521592601
2020-05-01,0,-0.28251434557091626,-0.0,-698.6808521592601
2020-05-04,0,-0.9942919620776113,-0.0,-698.6808521592601
2020-05-05,0,-0.958924394461594,0.0,-698.6808521592601
2020-05-06,0,-1.4389930253870034,-0.0,-698.6808521592601
2020-05-07,0,-1.703085174946949,-0.0,-698.6808521592601
2020-05-08,0,-0.8496696736093178,0.0,-698.6808521592601
2020-05-11,0,-1.434742240531344,-0.0,-698.6808521592601
2020-05-12,0,-1.6144545504760086,-0.0,-698.6808521592601
2020-05-13,1,-2.2808003379023414,-15.0,-713.6808521592601
2020-05-14,1,-2.233593678339238,-57.25241237773789,-770.933264536998
2020-05-15,1,-2.7775789397386417,-163.497353824952,-934.43061836195
2020-05-18,1,-1.2780901548001888,404.498302094953,-529.9323162669971
2020-05-19,1,-0.7254120825586183,-14.169110644949145,-544.1014269119462
2020-05-20,0,0.4181858673673015,298.4868432498133,-245.61458366213287
2020-05-21,0,0.1585074214345606,-0.0,-245.61458366213287
2020-05-22,0,0.07349874171285362,-0.0,-245.61458366213287
2020-05-26,0,1.261841792912652,0.0,-245.61458366213287
2020-05-27,0,1.566107716800658,0.0,-245.61458366213287
2020-05-28,0,1.4758723673929066,0.0,-245.61458366213287
2020-05-29,0,1.2473892904738966,-0.0,-245.61458366213287
2020-06-01,0,1.1345472730971227,0.0,-245.61458366213287
2020-06-02,0,1.0978909855944992,-0.0,-245.61458366213287
2020-06-03,0,1.7543516867765954,0.0,-245.61458366213287
2020-06-04,0,1.8666223426093393,0.0,-245.61458366213287
2020-06-05,-1,2.0815045099272584,-15.0,-260.6145836621329
2020-06-08,-1,2.3137328624478846,-159.87494338242692,-420.4895270445598
2020-06-09,-1,1.5149903096165418,187.2499130757782,-233.23961396878158
2020-06-10,-1,1.012962082487814,102.9605354060803,-130.27907856270127
2020-06-11,0,0.2750890089694611,481.9085702583284,351.6294916956271
2020-06-12,0,0.3397112152711384,0.0,351.6294916956271
2020-06-15,0,0.4871216388444796,0.0,351.6294916956271
2020-06-16,0,0.5302969766574119,0.0,351.6294916956271
2020-06-17,0,0.3748241714035208,-0.0,351.6294916956271
2020-06-18,0,0.4095987856577822,0.0,351.6294916956271
2020-06-19,0,0.05505790321952092,-0.0,351.6294916956271
2020-06-22,0,-0.08953405327690053,-0.0,351.6294916956271
2020-06-23,0,-0.23149427301872463,-0.0,351.6294916956271
2020-06-24,0,-0.5508899663165487,-0.0,351.6294916956271
2020-06-25,0,-0.7781911237243604,0.0,351.6294916956271
2020-06-26,0,-1.283150223515417,-0.0,351.6294916956271
2020-06-29,0,-1.426860836155732,0.0,351.6294916956271
2020-06-30,0,-1.5221549232079716,0.0,351.6294916956271
2020-07-01,0,-1.44821130738396,0.0,351.6294916956271
2020-07-02,0,-1.4282486181944154,0.0,351.6294916956271
2020-07-06,0,-1.2075828141473874,0.0,351.6294916956271
2020-07-07,0,-1.248680143353232,-0.0,351.6294916956271
2020-07-08,0,-1.3985736699924904,-0.0,351.6294916956271
2020-07-09,0,-1.7647434708105738,-0.0,351.6294916956271
2020-07-10,0,-1.1582658875545737,0.0,351.6294916956271
2020-07-13,0,-1.1050453135808307,0.0,351.6294916956271
2020-07-14,0,-0.7542515992742755,0.0,351.6294916956271
2020-07-15,0,-0.013110937157124056,0.0,351.6294916956271
2020-07-16,0,-0.18241193778135253,-0.0,351.6294916956271
2020-07-17,0,0.17870156115710986,0.0,351.6294916956271
2020-07-20,0,0.06729362353514251,-0.0,351.6294916956271
2020-07-21,0,0.8073227602833021,0.0,351.6294916956271
2020-07-22,0,1.700617366990065,0.0,351.6294916956271
2020-07-23,0,1.2772679204161133,-0.0,351.6294916956271
2020-07-24,0,1.689277399400685,0.0,351.6294916956271
2020-07-27,0,1.193640401529905,-0.0,351.6294916956271
2020-07-28,0,0.9923635181540997,-0.0,351.6294916956271
2020-07-29,0,0.7127160743878229,-0.0,351.6294916956271
2020-07-30,0,0.4822448267736034,-0.0,351.6294916956271
2020-07-31,0,0.07838158728134151,-0.0,351.6294916956271
2020-08-03,0,-0.5646758084053488,-0.0,351.6294916956271
2020-08-04,0,-0.3608444129738566,0.0,351.6294916956271
2020-08-05,0,0.5542926513419167,0.0,351.6294916956271
2020-08-06,0,0.8948797140376408,0.0,351.6294916956271
2020-08-07,0,0.9051394119145993,0.0,351.6294916956271
2020-08-10,0,0.9803282813058047,-0.0,351.6294916956271
2020-08-11,0,1.3455499683026715,0.0,351.6294916956271
2020-08-12,0,0.9992126306759849,0.0,351.6294916956271
2020-08-13,0,0.8045199331607743,-0.0,351.6294916956271
2020-08-14,0,0.9687101744811766,0.0,351.6294916956271
2020-08-17,0,0.5687544319118851,-0.0,351.6294916956271
2020-08-18,0,0.677292103630298,0.0,351.6294916956271
2020-08-19,0,0.01780878319171243,-0.0,351.6294916956271
2020-08-20,0,-0.2034525323712186,-0.0,351.6294916956271
2020-08-21,0,-0.28837461286889804,-0.0,351.6294916956271
2020-08-24,0,0.12658263684736898,0.0,351.6294916956271
2020-08-25,0,0.11825678061194668,-0.0,351.6294916956271
2020-08-26,0,-0.062439430040451806,0.0,351.6294916956271
2020-08-27,0,0.05464737013674548,0.0,351.6294916956271
2020-08-28,0,1.9496065032350753,0.0,351.6294916956271
2020-08-31,0,1.279750784211228,-0.0,351.6294916956271
2020-09-01,0,0.9647473666272621,-0.0,351.6294916956271
2020-09-02,-1,2.2595050186524155,-15.0,336.6294916956271
2020-09-03,-1,2.2009182097348274,79.3919664887523,416.0214581843794
2020-09-04,-1,2.780199179998872,-123.6829919585997,292.3384662257797
2020-09-08,-1,2.147668376916982,173.61272742655737,465.9511936523371
2020-09-09,-1,1.8644594715362952,-42.77095617773321,423.1802374746039
2020-09-10,-1,2.1175852545868588,-12.06183798404155,411.11839949056235
2020-09-11,-1,2.452270632682646,-189.30837676235424,221.8100227282081
2020-09-14,-1,2.048951640384875,6.595766019197977,228.4057887474061
2020-09-15,-1,2.325945111558404,-89.42367877096481,138.98210997644128
2020-09-16,-1,2.0696597551108122,37.18941013578706,176.17152011222834
2020-09-17,-1,2.044373728002793,8.84673552356593,185.01825563579428
2020-09-18,-1,2.077820137887461,-18.04544390276162,166.97281173303264
2020-09-21,-1,1.1207591471993452,264.4776839727268,431.45049570575947
2020-09-22,-1,1.2350360785155698,-95.91781696876716,335.5326787369923
2020-09-23,0,0.4636516073060256,251.64228780103966,587.174966538032
2020-09-24,0,0.6306615286810366,0.0,587.174966538032
2020-09-25,0,0.2294532605914335,-0.0,587.174966538032
2020-09-28,0,-0.2764393902308176,0.0,587.174966538032
2020-09-29,0,-0.3918896576094477,-0.0,587.174966538032
2020-09-30,0,-0.3962723275852848,0.0,587.174966538032
2020-10-01,0,-1.0121610265650485,-0.0,587.174966538032
2020-10-02,0,-0.3709085474609147,0.0,587.174966538032
2020-10-05,0,-0.39038738972614806,0.0,587.174966538032
2020-10-06,0,-0.2827637905815798,-0.0,587.174966538032
2020-10-07,0,-0.1428247269669147,0.0,587.174966538032
2020-10-08,0,0.3662144064633788,0.0,587.174966538032
2020-10-09,0,0.47765667561146924,0.0,587.174966538032
2020-10-12,0,-0.31459048785615784,-0.0,587.174966538032
2020-10-13,0,-1.5487316521836427,-0.0,587.174966538032
2020-10-14,0,-1.3723957908665982,0.0,587.174966538032
2020-10-15,0,-1.153167936435497,-0.0,587.174966538032
2020-10-16,0,-1.151919356651563,0.0,587.174966538032
2020-10-19,0,-0.9243372945332562,-0.0,587.174966538032
2020-10-20,0,-0.33380717961815526,0.0,587.174966538032
2020-10-21,0,-0.5271476560082815,-0.0,587.174966538032
2020-10-22,0,0.11853542194325062,0.0,587.174966538032
2020-10-23,0,0.021702947286394398,-0.0,587.174966538032
2020-10-26,0,-0.21104392473162284,-0.0,587.174966538032
2020-10-27,0,-0.35899773748813,-0.0,587.174966538032
2020-10-28,0,-0.8217759430572057,-0.0,587.174966538032
2020-10-29,0,-0.6615990515560731,0.0,587.174966538032
2020-10-30,0,-0.323009821215111,0.0,587.174966538032
2020-11-02,0,-0.23444864326317763,0.0,587.174966538032
2020-11-03,0,0.1506738644995845,0.0,587.174966538032
2020-11-04,0,-0.5353361383227357,-0.0,587.174966538032
2020-11-05,0,-0.08645290689549058,0.0,587.174966538032
2020-11-06,0,-0.21226894453318326,-0.0,587.174966538032
2020-11-09,-1,3.8705344892195805,-15.0,572.174966538032
2020-11-10,-1,3.3587141175663424,-199.4285863212375,372.7463802167945
2020-11-11,-1,2.032461957542125,118.90382366048317,491.65020387727765
2020-11-12,-1,1.3999284262071308,105.16920370725269,596.8194075845304
2020-11-13,-1,1.4595786909682966,-65.38831238451391,531.4310952000164
2020-11-16,-1,1.4316625448609588,-53.70378817202344,477.727307027993
2020-11-17,-1,1.3156037190944978,21.180434050319178,498.90774107831214
2020-11-18,-1,0.8075334149504649,162.0300830080408,660.937824086353
2020-11-19,-1,1.210261469076574,-100.06217797492853,560.8756461114244
2020-11-20,-1,0.7805036350549865,88.61668469473538,649.4923308061598
2020-11-23,-1,0.8387732921525705,-10.022967477054355,639.4693633291054
2020-11-24,-1,0.9788301190960194,-81.93896719431926,557.5303961347861
2020-11-25,-1,0.6522641515641224,57.121821744884144,614.6522178796703
2020-11-27,0,0.3018474582929246,37.341541726354194,651.9937596060245
2020-11-30,0,-0.2591951387026511,-0.0,651.9937596060245
2020-12-01,0,-0.379219569916221,0.0,651.9937596060245
2020-12-02,0,0.050622223986444496,0.0,651.9937596060245
2020-12-03,0,0.4086658180737865,0.0,651.9937596060245
2020-12-04,0,0.9828219214235864,0.0,651.9937596060245
2020-12-07,0,0.2760783401810657,-0.0,651.9937596060245
2020-12-08,0,0.37680617407863937,0.0,651.9937596060245
2020-12-09,0,0.4289115896423854,0.0,651.9937596060245
2020-12-10,0,0.39260273619839914,-0.0,651.9937596060245
2020-12-11,0,0.5599579297615236,0.0,651.9937596060245
2020-12-14,0,0.6527659047379434,-0.0,651.9937596060245
2020-12-15,0,1.0562193325460578,0.0,651.9937596060245
2020-12-16,0,0.05875476771751251,-0.0,651.9937596060245
2020-12-17,0,-0.05873453630646315,0.0,651.9937596060245
2020-12-18,0,0.01869844935731581,0.0,651.9937596060245
2020-12-21,0,-0.9286882173996226,-0.0,651.9937596060245
2020-12-22,0,-0.2483300485073122,0.0,651.9937596060245
2020-12-23,0,0.3064570224924766,0.0,651.9937596060245
2020-12-24,0,0.7676112932353936,0.0,651.9937596060245
2020-12-28,0,1.1616493502045686,0.0,651.9937596060245
2020-12-29,0,0.7339151918106531,-0.0,651.9937596060245
2020-12-30,0,1.4926877548583128,0.0,651.9937596060245
2020-12-31,0,1.6604078073331772,0.0,651.9937596060245
2021-01-04,0,-0.38987886344786266,-0.0,651.9937596060245
2021-01-05,0,-1.7889663984208661,-0.0,651.9937596060245
2021-01-06,1,-3.246260024558152,-15.0,636.9937596060245
2021-01-07,1,-3.1039876747792,-101.47614881146455,535.5176107945599
2021-01-08,1,-2.0056140960590505,189.2249523752807,724.7425631698407
2021-01-11,1,-2.0880633161443867,-130.06036516564882,594.6821980041918
2021-01-12,1,-1.7961056498460768,-4.400707968092029,590.2814900360999
2021-01-13,1,-1.9396491926458408,-13.909561570065012,576.3719284660349
2021-01-14,1,-2.3444085616589407,-168.45217118514208,407.9197572808928
2021-01-15,1,-2.373591669574795,-100.05681489882582,307.862942382067
2021-01-19,1,-2.3337765917552438,-52.81795781173564,255.04498457033134
2021-01-20,1,-1.8510232155155426,50.01250177052157,305.0574863408529
2021-01-21,1,-1.214599107376063,90.90670697174869,395.9641933126016
2021-01-22,1,-1.2386217606845258,-72.69393302181543,323.27026029078615
2021-01-25,1,-1.2606610384310222,26.392717387328492,349.66297767811466
2021-01-26,1,-1.150919439719252,70.89257103142927,420.5555487095439
2021-01-27,1,-0.873766228499075,-76.96394312789614,343.5916055816478
2021-01-28,1,-0.6343625658762015,103.49593208182525,447.08753766347303
2021-01-29,1,-0.7421346430585881,-148.6388935969866,298.4486440664864
2021-02-01,1,-0.5507979281777818,59.79166742324748,358.24031148973387
2021-02-02,0,-0.4550044986766382,54.24220165294232,412.48251314267617
2021-02-03,0,-0.46918440751153273,-0.0,412.48251314267617
2021-02-04,0,-0.5964062787217173,0.0,412.48251314267617
2021-02-05,0,-0.3549766129863149,0.0,412.48251314267617
2021-02-08,0,0.01825061356693887,0.0,412.48251314267617
2021-02-09,0,0.08788760513273516,-0.0,412.48251314267617
2021-02-10,0,0.5473463071887322,0.0,412.48251314267617
2021-02-11,0,1.8946714953574646,0.0,412.48251314267617
2021-02-12,-1,2.4974424056521833,-15.0,397.48251314267617
2021-02-16,-1,2.089592234528448,93.95111527857289,491.43362842124907
2021-02-17,-1,1.9097898166865295,29.585237753279582,521.0188661745286
2021-02-18,-1,2.0786594106447622,-107.95793558558293,413.06093058894567
2021-02-19,-1,1.9904107749079387,68.46507745032956,481.5260080392752
2021-02-22,-1,2.208732751950149,-115.19916249165068,366.32684554762454
2021-02-23,-1,1.7988616660670946,35.20594962728889,401.5327951749134
2021-02-24,-1,1.8504385127951672,-48.7707827316102,352.7620124433032
2021-02-25,-1,1.7232564425970447,60.407850978343575,413.16986342164677
2021-02-26,-1,1.0809112040473274,217.05092677628727,630.2207901979341
2021-03-01,-1,1.2790504477520244,-153.51427128479708,476.706518913137
2021-03-02,-1,1.2346867161222137,-30.04430722989103,446.66221168324597
2021-03-03,-1,1.4012275018209555,-18.935812378334898,427.72639930491107
2021-03-04,-1,1.180569629990314,24.213961718580453,451.9403610234915
2021-03-05,-1,0.8947140053259276,-75.25587085428963,376.68449016920187
2021-03-08,-1,1.454357927076874,-187.0605870118096,189.62390315739228
2021-03-09,-1,0.9105815360284415,153.6902455269698,343.31414868436207
2021-03-10,-1,0.9679172481525178,-84.7472604212241,258.56688826313797
2021-03-11,-1,0.6317827558908301,101.01356607987512,359.5804543430131
2021-03-12,-1,0.550518353399263,15.882291071991274,375.4627454150044
2021-03-15,-1,0.9482668064557427,-133.2603034507536,242.2024419642508
2021-03-16,-1,0.8306950860784585,-15.77731272879994,226.42512923545087
2021-03-17,-1,0.8771421660117599,-12.380457047786518,214.04467218766436
2021-03-18,-1,0.558678546597191,106.99998992485477,321.0446621125191
2021-03-19,0,0.22000453637756104,-19.166669485891607,301.87799262662753
2021-03-22,0,-0.6522477140059029,-0.0,301.87799262662753
2021-03-23,0,-0.9345246529903678,0.0,301.87799262662753
2021-03-24,0,-0.7795899209356754,0.0,301.87799262662753
2021-03-25,0,-0.6150744424614552,0.0,301.87799262662753
2021-03-26,0,-0.41487368450745915,0.0,301.87799262662753
2021-03-29,0,-0.01619346177333054,0.0,301.87799262662753
2021-03-30,0,-0.1513623331438965,-0.0,301.87799262662753
2021-03-31,0,-0.4881372072470395,-0.0,301.87799262662753
2021-04-01,0,-0.8446090907950371,-0.0,301.87799262662753
2021-04-05,0,-1.3453527289405414,0.0,301.87799262662753
2021-04-06,0,-0.7787433208500368,0.0,301.87799262662753
2021-04-07,0,-0.39650500027762253,0.0,301.87799262662753
2021-04-08,0,-0.16003684405776408,-0.0,301.87799262662753
2021-04-09,0,-0.007494868455994013,0.0,301.87799262662753
2021-04-12,0,0.04867644938428564,0.0,301.87799262662753
2021-04-13,0,-0.5495246877188926,-0.0,301.87799262662753
2021-04-14,0,0.06391488946057508,0.0,301.87799262662753
2021-04-15,0,0.5491714019985497,0.0,301.87799262662753
2021-04-16,0,0.13268365558372516,0.0,301.87799262662753
2021-04-19,0,0.4701291602941988,0.0,301.87799262662753
2021-04-20,0,0.3297551547686715,0.0,301.87799262662753
2021-04-21,0,0.5383972840618667,0.0,301.87799262662753
2021-04-22,0,0.8273912862784936,-0.0,301.87799262662753
2021-04-23,0,1.0503878849304982,0.0,301.87799262662753
2021-04-26,0,0.7541276902373496,-0.0,301.87799262662753
2021-04-27,0,0.9707525076878071,-0.0,301.87799262662753
2021-04-28,0,1.8211744363693134,0.0,301.87799262662753
2021-04-29,0,1.9702070842071115,0.0,301.87799262662753
2021-04-30,0,1.0165900168624153,-0.0,301.87799262662753
2021-05-03,0,1.0366423628119377,0.0,301.87799262662753
2021-05-04,0,1.489579091518221,-0.0,301.87799262662753
2021-05-05,0,1.1496475348520483,-0.0,301.87799262662753
2021-05-06,0,1.2765001684158246,0.0,301.87799262662753
2021-05-07,0,1.1063018299268443,-0.0,301.87799262662753
2021-05-10,0,1.2318144347835513,0.0,301.87799262662753
2021-05-11,0,0.2797121921529782,-0.0,301.87799262662753
2021-05-12,0,0.6691699727380437,-0.0,301.87799262662753
2021-05-13,0,0.13543672598993067,0.0,301.87799262662753
2021-05-14,0,0.6134366973053927,0.0,301.87799262662753
2021-05-17,0,0.7018864294302062,-0.0,301.87799262662753
2021-05-18,0,0.1951610381510758,-0.0,301.87799262662753
2021-05-19,0,-0.5371502704518435,-0.0,301.87799262662753
2021-05-20,0,-0.7845493267733991,0.0,301.87799262662753
2021-05-21,0,-0.786763072154749,-0.0,301.87799262662753
2021-05-24,0,-0.9916478689143281,0.0,301.87799262662753
2021-05-25,0,-1.865585213285903,-0.0,301.87799262662753
2021-05-26,0,-0.6029940940116693,0.0,301.87799262662753
2021-05-27,-1,3.5311288594844834,-15.0,286.87799262662753
2021-05-28,-1,0.8880520778586423,64.46949307073663,351.34748569736416
2021-06-01,-1,1.1460452202421563,-4.291848602993504,347.05563709437064
2021-06-02,-1,1.2632379192059822,-28.157146686845916,318.8984904075247
2021-06-03,-1,1.1289387254121412,-14.836271160378699,304.062219247146
2021-06-04,-1,2.801986311640402,-104.48366774567415,199.57855150147185
2021-06-07,-1,1.9569554274792533,33.790744687440586,233.36929618891244
2021-06-08,-1,1.8086263771619655,42.389737255710564,275.759033444623
2021-06-09,-1,1.409164381067549,25.176577109707072,300.9356105543301
2021-06-10,-1,1.3135683985277322,-47.604840770780754,253.33076978354933
2021-06-11,-1,1.8144393283054587,-42.93881167960737,210.39195810394196
2021-06-14,-1,0.5331825291216478,51.44140798627147,261.8333660902134
2021-06-15,0,0.11283368136863434,10.398362060445288,272.2317281506587
2021-06-16,0,-0.730265071811399,-0.0,272.2317281506587
2021-06-17,0,-1.048373862963219,0.0,272.2317281506587
2021-06-18,0,-1.6741129260353422,-0.0,272.2317281506587
2021-06-21,0,-0.9549246175569939,0.0,272.2317281506587
2021-06-22,0,-0.5811291304411407,0.0,272.2317281506587
2021-06-23,0,-0.2932847861640698,-0.0,272.2317281506587
2021-06-24,0,-0.21307609621569698,0.0,272.2317281506587
2021-06-25,0,-0.9227870499494913,-0.0,272.2317281506587
2021-06-28,0,-1.440091239314987,-0.0,272.2317281506587
2021-06-29,1,-2.0889645907629375,-15.0,257.2317281506587
2021-06-30,1,-2.081162609240915,22.037767059173376,279.26949520983203
2021-07-01,1,-2.1539626583517166,-28.31131728522988,250.95817792460215
2021-07-02,1,-1.9372588729341897,26.817270855985374,277.7754487805875
2021-07-06,1,-2.2732443189589504,-59.672829126184155,218.10261965440336
2021-07-07,1,-1.7270324356810682,68.77564179624578,286.8782614506491
2021-07-08,1,-1.87494640208416,-36.33996753419432,250.5382939164548
2021-07-09,1,-1.177013212525826,68.34942463453513,318.8877185509899
2021-07-12,1,-1.089614907882099,3.086054783734545,321.97377333472446
2021-07-13,1,-1.5909292954747003,31.914739422596075,353.88851275732054
2021-07-14,0,-0.49482784464038265,180.2882173723345,534.176730129655
2021-07-15,0,-0.4883401363529081,0.0,534.176730129655
2021-07-16,0,-0.717314576756109,-0.0,534.176730129655
2021-07-19,0,-1.5310455682865787,-0.0,534.176730129655
2021-07-20,0,-1.3186691911151673,0.0,534.176730129655
2021-07-21,0,-0.01857548546742283,0.0,534.176730129655
2021-07-22,0,-0.05803138702977521,-0.0,534.176730129655
2021-07-23,0,-0.052022963280231545,0.0,534.176730129655
2021-07-26,0,0.1804968224397782,0.0,534.176730129655
2021-07-27,0,0.15725006758736695,0.0,534.176730129655
2021-07-28,0,0.02174006930133665,-0.0,534.176730129655
2021-07-29,0,0.5341679256603807,0.0,534.176730129655
2021-07-30,0,0.4368178822569377,-0.0,534.176730129655
2021-08-02,0,0.5141110771175593,-0.0,534.176730129655
2021-08-03,0,0.412564767498501,0.0,534.176730129655
2021-08-04,0,0.32713563899201126,-0.0,534.176730129655
2021-08-05,0,1.20006421398287,0.0,534.176730129655
2021-08-06,0,1.633644154021356,0.0,534.176730129655
2021-08-09,0,1.634287741807299,0.0,534.176730129655
2021-08-10,0,1.841062637042567,0.0,534.176730129655
2021-08-11,0,1.148323321182705,-0.0,534.176730129655
2021-08-12,0,1.300240477064687,0.0,534.176730129655
2021-08-13,0,1.1473995139601565,0.0,534.176730129655
2021-08-16,0,0.6440235710749871,0.0,534.176730129655
2021-08-17,0,0.2159022504868931,-0.0,534.176730129655
2021-08-18,0,-0.6096360834059682,-0.0,534.176730129655
2021-08-19,0,-1.6871945395256207,0.0,534.176730129655
2021-08-20,0,-1.7279110778634115,-0.0,534.176730129655
2021-08-23,0,-1.7435636133172483,-0.0,534.176730129655
2021-08-24,0,-1.4527502481224417,-0.0,534.176730129655
2021-08-25,0,-0.777332431837686,0.0,534.176730129655
2021-08-26,0,-1.5350552800549935,-0.0,534.176730129655
2021-08-27,0,-1.4008657111558016,0.0,534.176730129655
2021-08-30,0,-0.9704989862948514,0.0,534.176730129655
2021-08-31,0,-0.9884718673215098,0.0,534.176730129655
2021-09-01,0,-1.0633484103991342,0.0,534.176730129655
2021-09-02,0,-0.89954567296524,0.0,534.176730129655
2021-09-03,0,-1.0262125165372165,-0.0,534.176730129655
2021-09-07,0,-1.6038889732921944,-0.0,534.176730129655
2021-09-08,0,-1.2645150772590465,0.0,534.176730129655
2021-09-09,0,-1.6873196242904906,-0.0,534.176730129655
2021-09-10,0,-1.8406359768784841,-0.0,534.176730129655
2021-09-13,0,-1.0494186558685477,0.0,534.176730129655
2021-09-14,0,-0.5896025303775154,0.0,534.176730129655
2021-09-15,0,-0.6619471426103452,0.0,534.176730129655
2021-09-16,0,-1.3261759309830314,-0.0,534.176730129655
2021-09-17,1,-2.0394383753034337,-15.0,519.176730129655
2021-09-20,1,-2.206943848124591,-59.97432151166247,459.2024086179925
2021-09-21,1,-2.0071556009066973,-0.5242670213299612,458.67814159666256
2021-09-22,1,-1.9615605464163697,5.884076082243427,464.562217678906
2021-09-23,1,-1.99141489672566,-18.89351036322812,445.66870731567786
2021-09-24,1,-2.0949287341226306,-29.08169905424857,416.5870082614293
2021-09-27,1,-1.7590777578011942,-24.00288864384341,392.5841196175859
2021-09-28,1,-2.303283576985196,-149.08884822553492,243.49527139205097
2021-09-29,1,-2.147882578499293,36.68870216929679,280.1839735613478
2021-09-30,1,-1.8787915117677816,-56.380114477388425,223.80385908395937
2021-10-01,1,-1.2231001797573298,94.36598832633314,318.1698474102925
2021-10-04,1,-0.8988231915017223,8.811633791561658,326.98148120185414
2021-10-05,1,-1.0602391120931343,-0.2744983318934621,326.70698286996065
2021-10-06,1,-1.5970714442998528,44.08904191861558,370.79602478857623
2021-10-07,1,-1.7675316614868102,4.776860408590585,375.57288519716684
2021-10-08,1,-1.2281831340603013,51.24715877282284,426.8200439699897
2021-10-11,1,-1.0887548713403068,16.40652696556472,443.2265709355544
2021-10-12,1,-1.2614885674116212,-12.861659889661869,430.3649110458925
2021-10-13,1,-1.5358064068668358,-17.82994086661302,412.53497017927947
2021-10-14,1,-1.4366030532011518,44.80461191218595,457.33958209146545
2021-10-15,1,-1.3577373204292578,-15.5775700205233,441.76201207094215
2021-10-18,1,-1.680896075498804,-85.91410040012225,355.8479116708199
2021-10-19,1,-1.9748864437282505,1.9027169732321925,357.7506286440521
2021-10-20,1,-1.6874090869227487,66.63066936305408,424.3812980071062
2021-10-21,1,-1.1856197505291601,-12.796097295915306,411.58520071119085
2021-10-22,1,-1.2625819017954847,3.944022459641586,415.52922317083244
2021-10-25,1,-1.2067483610739806,-26.74821579347057,388.78100737736185
2021-10-26,1,-1.5911454226599007,8.585930502025894,397.36693787938776
2021-10-27,0,0.2079628583349904,187.88547311548263,585.2524109948704
2021-10-28,0,0.6837751138634226,0.0,585.2524109948704
2021-10-29,0,1.3051433990893595,0.0,585.2524109948704
2021-11-01,0,1.1401462419798798,-0.0,585.2524109948704
2021-11-02,0,0.2986082360170956,-0.0,585.2524109948704
2021-11-03,0,-0.13570974068775354,0.0,585.2524109948704
2021-11-04,0,0.48138490480118346,0.0,585.2524109948704
2021-11-05,0,0.02964808996929898,0.0,585.2524109948704
2021-11-08,0,1.069969078557503,-0.0,585.2524109948704
2021-11-09,0,0.7456456844920244,0.0,585.2524109948704
2021-11-10,0,0.8612770994174628,0.0,585.2524109948704
2021-11-11,0,1.5421957968151236,0.0,585.2524109948704
2021-11-12,0,1.290577115360602,-0.0,585.2524109948704
2021-11-15,0,0.7329873645286523,-0.0,585.2524109948704
2021-11-16,0,0.28034121197072,-0.0,585.2524109948704
2021-11-17,0,-0.3247827935679453,-0.0,585.2524109948704
2021-11-18,0,-1.2341974026602343,-0.0,585.2524109948704
2021-11-19,0,-1.7764589120217211,-0.0,585.2524109948704
2021-11-22,0,-1.2626859185210781,0.0,585.2524109948704
2021-11-23,0,-1.0436942301897483,0.0,585.2524109948704
2021-11-24,0,-1.0215775138695833,-0.0,585.2524109948704
2021-11-26,1,-2.2584332524525443,-15.0,570.2524109948704
2021-11-29,1,-2.042772269595781,103.97345106488856,674.2258620597589
2021-11-30,1,-2.345349594351508,-238.3685363279277,435.8573257318312
2021-12-01,1,-2.3643350354680077,-35.52325210166445,400.33407363016676
2021-12-02,1,-1.8396976861305254,119.12387433801915,519.4579479681859
2021-12-03,1,-2.271759525085692,14.4005456299434,533.8584935981293
2021-12-06,1,-1.345107411328782,225.64687121347316,759.5053648116025
2021-12-07,1,-0.9702139992883494,57.96078004548907,817.4661448570915
2021-12-08,1,-1.1837039123099338,-43.11625425030652,774.349890606785
2021-12-09,1,-1.1702474953043926,-21.783391613359484,752.5664989934255
2021-12-10,1,-0.5522536875223469,212.25820477561481,964.8247037690403
2021-12-13,0,0.5869719306615769,233.49167868707485,1198.3163824561152
2021-12-14,0,0.7669889538201727,0.0,1198.3163824561152
2021-12-15,0,0.44253086959006355,0.0,1198.3163824561152
2021-12-16,0,0.9120156125749193,0.0,1198.3163824561152
2021-12-17,0,0.9964899769103478,-0.0,1198.3163824561152
2021-12-20,0,0.5266776674260271,-0.0,1198.3163824561152
2021-12-21,0,0.8947932857938281,0.0,1198.3163824561152
2021-12-22,0,0.9990050672776564,0.0,1198.3163824561152
2021-12-23,0,1.0913746259489623,0.0,1198.3163824561152
2021-12-27,0,1.0752140678556752,0.0,1198.3163824561152
2021-12-28,0,1.0813173373657274,0.0,1198.3163824561152
2021-12-29,0,0.9908346048577552,0.0,1198.3163824561152
2021-12-30,0,0.9100693061498948,-0.0,1198.3163824561152
2021-12-31,0,1.0123349936352797,0.0,1198.3163824561152
2022-01-03,0,1.2319935144299579,0.0,1198.3163824561152
2022-01-04,0,1.8946568635680763,0.0,1198.3163824561152
2022-01-05,0,1.9608848248289161,0.0,1198.3163824561152
2022-01-06,0,1.5542734690866529,-0.0,1198.3163824561152
2022-01-07,0,1.2997330392529152,-0.0,1198.3163824561152
2022-01-10,0,1.2635346775302012,0.0,1198.3163824561152
2022-01-11,0,1.209899868065642,0.0,1198.3163824561152
2022-01-12,0,1.2408835302694265,0.0,1198.3163824561152
2022-01-13,0,1.379930122110728,0.0,1198.3163824561152
2022-01-14,0,1.3553014225800657,0.0,1198.3163824561152
2022-01-18,0,1.3304747733593367,-0.0,1198.3163824561152
2022-01-19,0,1.0577172547934603,-0.0,1198.3163824561152
2022-01-20,0,1.1106465448940683,-0.0,1198.3163824561152
2022-01-21,0,0.7117300257161191,-0.0,1198.3163824561152
2022-01-24,0,0.4198305580432479,-0.0,1198.3163824561152
2022-01-25,0,0.9403139212923662,0.0,1198.3163824561152
2022-01-26,0,1.2711710029775658,-0.0,1198.3163824561152
2022-01-27,0,1.3094263257316732,0.0,1198.3163824561152
2022-01-28,0,1.5413549729067757,0.0,1198.3163824561152
2022-01-31,0,1.3385043293288603,0.0,1198.3163824561152
2022-02-01,0,1.1114360641550203,-0.0,1198.3163824561152
2022-02-02,0,0.672021964458892,0.0,1198.3163824561152
2022-02-03,0,1.265713181518291,0.0,1198.3163824561152
2022-02-04,0,1.4401387082601955,-0.0,1198.3163824561152
2022-02-07,-1,2.3720940477596284,-15.0,1183.3163824561152
2022-02-08,-1,2.492295169621479,-61.37409269355885,1121.9422897625564
2022-02-09,-1,1.2203840851768135,153.4820535882965,1275.424343350853
2022-02-10,-1,2.6514952299438614,-116.1717360620451,1159.252607288808
2022-02-11,-1,1.2020334481665969,181.21637194716342,1340.4689792359713
2022-02-14,-1,2.224004877636623,-97.16785749606223,1243.3011217399091
2022-02-15,-1,2.479737957745907,-50.83212425730567,1192.4689974826035
2022-02-16,-1,2.0867688396005395,7.608055479548467,1200.077052962152
2022-02-17,-1,2.728453449908038,-192.4453064041118,1007.6317465580403
2022-02-18,-1,2.4577825366701163,-50.8473380725569,956.7844084854834
2022-02-22,-1,1.87991890024473,52.688201432011525,1009.4726099174949
2022-02-23,-1,1.5732950393026603,82.07371409763958,1091.5463240151344
2022-02-24,-1,1.2864745536766184,124.68249246557839,1216.2288164807128
2022-02-25,-1,1.882235278948156,-305.09430879242643,911.1345076882864
2022-02-28,-1,2.1454813913156685,16.79808772535216,927.9325954136385
2022-03-01,-1,2.0124685086618803,17.234736373702717,945.1673317873413
2022-03-02,-1,1.7231061626734592,-33.84843895627505,911.3188928310663
2022-03-03,-1,1.635771826064855,-9.524816442344763,901.7940763887215
2022-03-04,-1,1.1792878606405328,28.230383573724538,930.024459962446
2022-03-07,-1,0.8059901445777047,180.14918225738035,1110.1736422198264
2022-03-08,0,0.08620748309889309,299.0906054716635,1409.2642476914898
2022-03-09,0,0.3171577329386072,0.0,1409.2642476914898
2022-03-10,0,0.10942273664077744,-0.0,1409.2642476914898
2022-03-11,0,0.24528105822485388,0.0,1409.2642476914898
2022-03-14,0,0.5116605206036738,0.0,1409.2642476914898
2022-03-15,0,0.5968547109633082,0.0,1409.2642476914898
2022-03-16,0,0.2620508516225669,-0.0,1409.2642476914898
2022-03-17,0,0.4333240639249251,0.0,1409.2642476914898
2022-03-18,0,-0.11187118288345041,-0.0,1409.2642476914898
2022-03-21,0,0.36388507266203635,0.0,1409.2642476914898
2022-03-22,0,8.133935545646399e-05,0.0,1409.2642476914898
2022-03-23,0,-0.21128071799855508,-0.0,1409.2642476914898
2022-03-24,0,0.04398740796369813,0.0,1409.2642476914898
2022-03-25,0,0.4200665945954901,0.0,1409.2642476914898
2022-03-28,0,0.7216305694837883,0.0,1409.2642476914898
2022-03-29,0,-0.040472994571357876,-0.0,1409.2642476914898
2022-03-30,0,0.10024246133652581,0.0,1409.2642476914898
2022-03-31,0,-0.02064626233720023,-0.0,1409.2642476914898
2022-04-01,0,0.287199930119239,0.0,1409.2642476914898
2022-04-04,0,-0.039295367163881455,-0.0,1409.2642476914898
2022-04-05,0,-0.24730259612593863,-0.0,1409.2642476914898
2022-04-06,0,-0.5954735823549863,0.0,1409.2642476914898
2022-04-07,0,-0.12964527199339973,0.0,1409.2642476914898
2022-04-08,0,0.2713212087508533,0.0,1409.2642476914898
2022-04-11,0,0.5885713339078043,0.0,1409.2642476914898
2022-04-12,0,1.735634591562031,0.0,1409.2642476914898
2022-04-13,-1,2.235964225646143,-15.0,1394.2642476914898
2022-04-14,-1,3.0896947601289284,-63.316231312919,1330.9480163785709
2022-04-18,-1,2.4817704818509556,64.12597608369468,1395.0739924622656
2022-04-19,-1,2.0832921515547373,-55.381805511912745,1339.6921869503528
2022-04-20,-1,2.098519431714186,-93.48484100085014,1246.2073459495027
2022-04-21,-1,2.3686798856671025,-48.3580806486009,1197.8492653009018
2022-04-22,-1,1.9419180019805258,100.18289492774034,1298.0321602286422
2022-04-25,-1,2.0119002453451187,-78.84796102502737,1219.1841992036148
2022-04-26,-1,1.024432073220049,127.59438992670248,1346.7785891303172
2022-04-27,-1,1.0299607191692346,-52.35092840454739,1294.4276607257698
2022-04-28,-1,0.8145762265986342,-51.95482505137239,1242.4728356743974
2022-04-29,-1,0.8633121055448583,143.70316450855535,1386.1760001829527
2022-05-02,-1,0.7732344075640164,114.08998918970698,1500.2659893726598
2022-05-03,0,0.22406465261181316,45.73954691708321,1546.005536289743
2022-05-04,0,0.4888075756641884,0.0,1546.005536289743
2022-05-05,0,1.0304982326144874,-0.0,1546.005536289743
2022-05-06,0,1.2359119042985478,0.0,1546.005536289743
2022-05-09,0,0.5414013549802722,-0.0,1546.005536289743
2022-05-10,0,-0.1842198084372423,-0.0,1546.005536289743
2022-05-11,0,0.47872930889254856,0.0,1546.005536289743
2022-05-12,0,0.7966135059233443,0.0,1546.005536289743
2022-05-13,0,1.0794752372458054,0.0,1546.005536289743
2022-05-16,0,0.6525894866866293,0.0,1546.005536289743
2022-05-17,0,0.7640076301593213,-0.0,1546.005536289743
2022-05-18,0,-1.5388699292777128,-0.0,1546.005536289743
2022-05-19,1,-2.367259482968449,-15.0,1531.005536289743
2022-05-20,1,-1.354444482069598,145.08438200259187,1676.089918292335
2022-05-23,0,0.11534006525499292,232.43078758924844,1908.5207058815834
2022-05-24,0,1.0051021398632904,0.0,1908.5207058815834
2022-05-25,0,0.42834369574910575,-0.0,1908.5207058815834
2022-05-26,0,0.21300662613222185,0.0,1908.5207058815834
2022-05-27,0,0.04143154342454686,0.0,1908.5207058815834
2022-05-31,0,-0.21196424521417612,-0.0,1908.5207058815834
2022-06-01,0,-0.09789283912281072,-0.0,1908.5207058815834
2022-06-02,0,0.43120989939704196,0.0,1908.5207058815834
2022-06-03,0,0.03215847269992922,-0.0,1908.5207058815834
2022-06-06,0,-0.5266638106656324,-0.0,1908.5207058815834
2022-06-07,0,-0.30455712986240535,0.0,1908.5207058815834
2022-06-08,0,-0.5340320889447223,-0.0,1908.5207058815834
2022-06-09,0,-0.9709789349293771,-0.0,1908.5207058815834
2022-06-10,0,-1.5096127144083653,-0.0,1908.5207058815834
2022-06-13,0,-0.019035024720562222,0.0,1908.5207058815834
2022-06-14,0,-1.2045401460850629,-0.0,1908.5207058815834
2022-06-15,0,-1.2369783568352,0.0,1908.5207058815834
2022-06-16,0,-1.7956504573703056,-0.0,1908.5207058815834
2022-06-17,0,-1.0816698372786726,0.0,1908.5207058815834
2022-06-21,0,-0.6394263693279658,0.0,1908.5207058815834
2022-06-22,0,-0.47809513546450466,0.0,1908.5207058815834
2022-06-23,0,-0.24076676768984973,0.0,1908.5207058815834
2022-06-24,0,0.8080334126015127,0.0,1908.5207058815834
2022-06-27,0,0.4779291384327976,-0.0,1908.5207058815834
2022-06-28,0,0.6161313514387301,-0.0,1908.5207058815834
2022-06-29,0,0.005691976138092016,0.0,1908.5207058815834
2022-06-30,0,0.4487726542988477,0.0,1908.5207058815834
2022-07-01,0,1.7092371970404376,0.0,1908.5207058815834
2022-07-05,0,-0.4164213441335183,-0.0,1908.5207058815834
2022-07-06,0,-1.2599039691134075,-0.0,1908.5207058815834
2022-07-07,0,-1.964418444846239,-0.0,1908.5207058815834
2022-07-08,1,-2.199155420122728,-15.0,1893.5207058815834
2022-07-11,1,-1.630114935080686,-7.784033348332869,1885.7366725332504
2022-07-12,1,-1.491323352934182,-26.32534625454856,1859.4113262787018
2022-07-13,1,-2.151330376508117,-56.58558704849552,1802.8257392302064
2022-07-14,1,-2.5497436318042968,-47.12836822819152,1755.697371002015
2022-07-15,1,-1.882246104743165,49.080145261152275,1804.7775162631672
2022-07-18,1,-1.7673328955589283,-87.32288757155433,1717.454628691613
2022-07-19,1,-1.1334657590380224,111.58387107912806,1829.038499770741
2022-07-20,1,-1.743560125558611,-133.89256347029792,1695.145936300443
2022-07-21,1,-1.8573160370264243,-27.092340728232138,1668.053595572211
2022-07-22,1,-1.794160062510266,18.472568326964044,1686.526163899175
2022-07-25,1,-1.0253911824641961,93.29528681819811,1779.821450717373
2022-07-26,0,-0.4211597927995523,115.06314831068627,1894.8845990280593
2022-07-27,0,-0.5433528543594427,-0.0,1894.8845990280593
2022-07-28,0,-0.36998361835706495,0.0,1894.8845990280593
2022-07-29,0,-0.25079968783532725,0.0,1894.8845990280593
2022-08-01,0,-0.5311791069106077,0.0,1894.8845990280593
2022-08-02,0,-1.065313167439225,-0.0,1894.8845990280593
2022-08-03,0,-1.1235996486807094,0.0,1894.8845990280593
2022-08-04,0,-1.018952280183961,-0.0,1894.8845990280593
2022-08-05,0,-0.845478851910739,-0.0,1894.8845990280593
2022-08-08,0,-1.0545468764311865,-0.0,1894.8845990280593
2022-08-09,0,-1.1353304990983764,0.0,1894.8845990280593
2022-08-10,0,-0.8379808488998286,0.0,1894.8845990280593
2022-08-11,0,-1.0263368295249446,-0.0,1894.8845990280593
2022-08-12,0,-1.254613560652036,0.0,1894.8845990280593
2022-08-15,0,-0.952942392905221,0.0,1894.8845990280593
2022-08-16,0,-0.4307576939888243,0.0,1894.8845990280593
2022-08-17,0,-0.6804367628082645,-0.0,1894.8845990280593
2022-08-18,0,0.13044918302385317,0.0,1894.8845990280593
2022-08-19,0,0.21349887119653288,-0.0,1894.8845990280593
2022-08-22,0,-1.0643834477795082,-0.0,1894.8845990280593
2022-08-23,0,-0.7473120731381371,0.0,1894.8845990280593
2022-08-24,0,-1.1850152531555502,-0.0,1894.8845990280593
2022-08-25,0,-0.24524286260193662,0.0,1894.8845990280593
2022-08-26,0,-1.215939501754386,-0.0,1894.8845990280593
2022-08-29,0,-1.7186927023551093,-0.0,1894.8845990280593
2022-08-30,0,-1.9491915754536833,-0.0,1894.8845990280593
2022-08-31,1,-2.263776428692749,-15.0,1879.8845990280593
2022-09-01,1,-2.422868699296956,17.548536621903637,1897.4331356499629
2022-09-02,1,-2.4978786195864657,-100.19593492422531,1797.2372007257375
2022-09-06,1,-1.6280772975506417,24.532285338727164,1821.7694860644647
2022-09-07,1,-1.4516094153060453,120.44330649873709,1942.2127925632017
2022-09-08,1,-1.3981380950712012,-20.7436717859708,1921.469120777231
2022-09-09,1,-1.2548530949995602,22.91906356943334,1944.3881843466643
2022-09-12,1,-1.2428025188659138,17.450433584820715,1961.838617931485
2022-09-13,1,-1.4658485433213226,-216.10617453005432,1745.7324434014308
2022-09-14,1,-1.4535482203636017,30.824456585157403,1776.5568999865882
2022-09-15,1,-1.3723016346185593,-87.53127785009112,1689.025622136497
2022-09-16,1,-1.8142384329706824,-17.456870627114412,1671.5687515093828
2022-09-19,1,-1.7642632163976733,44.880743660694186,1716.449495170077
2022-09-20,1,-1.8454602568591427,-18.283414755414107,1698.166080414663
2022-09-21,1,-2.1958559161948585,-75.19602800472403,1622.970052409939
2022-09-22,1,-2.2122780280317076,-26.33627729690066,1596.6337751130384
2022-09-23,1,-2.6725775121193576,-109.99055858047163,1486.6432165325668
2022-09-26,1,-2.9246383499726725,-123.36429563479545,1363.2789208977713
2022-09-27,1,-3.037107038141072,-215.28735136847718,1147.991569529294
2022-09-28,1,-2.6862666177006083,59.75495270289265,1207.7465222321869
2022-09-29,1,-2.2309183334002918,-36.383938424115854,1171.3625838080711
2022-09-30,1,-1.755193577288279,-38.664506960803266,1132.6980768472679
2022-10-03,1,-1.5880291310361883,76.95834251504594,1209.6564193623137
2022-10-04,1,-1.7227421568326373,-9.83406982825449,1199.8223495340592
2022-10-05,1,-1.721515920062752,-75.7565877185687,1124.0657618154905
2022-10-06,1,-1.7529667894576142,-159.00779384520683,965.0579679702837
2022-10-07,1,-1.72433403690042,-73.20514579541786,891.8528221748659
2022-10-10,1,-1.6935450591430763,-25.79927854077067,866.0535436340953
2022-10-11,1,-1.6363771850139819,2.689192989337541,868.7427366234328
2022-10-12,1,-2.1619502593780973,-0.661621975971468,868.0811146474614
2022-10-13,1,-2.2854270110145563,42.638598938076186,910.7197135855375
2022-10-14,1,-1.8836426564438458,-85.57313905387332,825.1465745316642
2022-10-17,1,-1.728451539767991,85.67137851953493,910.8179530511991
2022-10-18,1,-1.562125752503324,95.38672891739361,1006.2046819685927
2022-10-19,1,-1.4481099270745725,-56.764330317307326,949.4403516512854
2022-10-20,1,-1.4900995338750576,-125.33148693015679,824.1088647211286
2022-10-21,1,-1.218670518708299,132.58636966798306,956.6952343891116
2022-10-24,1,-1.0263555941835327,209.9578663937002,1166.6531007828119
2022-10-25,0,-0.4029263974977904,215.0348884332906,1381.6879892161026
2022-10-26,0,-0.24649671328843636,0.0,1381.6879892161026
2022-10-27,0,-0.08552637491477062,0.0,1381.6879892161026
2022-10-28,0,0.12646848136625785,0.0,1381.6879892161026
2022-10-31,0,-0.23974686230517323,-0.0,1381.6879892161026
2022-11-01,0,-0.15852630663027023,-0.0,1381.6879892161026
2022-11-02,0,-0.1650538395550485,-0.0,1381.6879892161026
2022-11-03,0,-0.010727074326798694,0.0,1381.6879892161026
2022-11-04,0,0.2298917123532242,0.0,1381.6879892161026
2022-11-07,0,0.12514844558926652,0.0,1381.6879892161026
2022-11-08,0,0.12747581362600982,0.0,1381.6879892161026
2022-11-09,0,-0.03938005355957167,-0.0,1381.6879892161026
2022-11-10,0,1.1452365567228973,0.0,1381.6879892161026
2022-11-11,-1,2.41005272334239,-15.0,1366.6879892161026
2022-11-14,-1,2.1010205981384837,74.62551313497063,1441.313502351073
2022-11-15,-1,1.7945839230938525,24.046056515270614,1465.3595588663438
2022-11-16,-1,1.3713951225283307,36.88067652472992,1502.2402353910738
2022-11-17,-1,1.0857289717499559,-3.630406958020668,1498.6098284330533
2022-11-18,-1,1.0841350379166093,-49.798351802162394,1448.8114766308909
2022-11-21,-1,0.986126745885252,-97.6912859774209,1351.12019065347
2022-11-22,-1,1.1288540157755793,-43.17580981466672,1307.9443808388032
2022-11-23,-1,1.2037444767769376,-41.1257568086131,1266.8186240301902
2022-11-25,-1,1.3791822263921751,-24.844313029064367,1241.974311001126
2022-11-28,-1,1.3478701071079018,-5.075623815566181,1236.8986871855598
2022-11-29,-1,1.382848266786903,14.498443811271233,1251.397130996831
2022-11-30,-1,1.8220408142354618,-206.48637791430082,1044.9107530825302
2022-12-01,-1,1.5255214432920496,-3.9701330296980104,1040.9406200528322
2022-12-02,-1,1.9170116808873272,-91.07611076979161,949.8645092830405
2022-12-05,-1,1.7138456192329177,96.44256584867519,1046.3070751317157
2022-12-06,-1,1.9157247325177402,-18.970972397560292,1027.3361027341555
2022-12-07,-1,1.7103282045220694,-6.943919771798548,1020.392182962357
2022-12-08,-1,1.4418170517956308,-16.91493527289362,1003.4772476894633
2022-12-09,-1,1.0003517204061882,94.22282480315386,1097.7000724926172
2022-12-12,-1,1.3481861676038276,-117.61577903075565,980.0842934618615
2022-12-13,-1,1.2976423070917766,-4.70866607284389,975.3756273890176
2022-12-14,-1,1.3226952285909104,-8.078559239696412,967.2970681493211
2022-12-15,-1,1.2607301051487405,88.12305804340505,1055.4201261927262
2022-12-16,-1,0.9032357565612116,58.498378036762205,1113.9185042294885
2022-12-19,-1,0.6910030504755669,1.8063838955234601,1115.7248881250118
2022-12-20,-1,0.6280911711436067,6.189248882294764,1121.9141370073066
2022-12-21,-1,1.1796535372781398,-140.44321846705301,981.4709185402536
2022-12-22,-1,1.1359404036243195,49.59847709193639,1031.06939563219
2022-12-23,-1,1.2374397868618219,-56.96446267071094,974.104932961479
2022-12-27,-1,1.318925558836758,-48.16510830594857,925.9398246555304
2022-12-28,-1,0.962817924437961,78.67218568650003,1004.6120103420304
2022-12-29,-1,1.2226443322733351,-56.09145494996804,948.5205553920624
2022-12-30,-1,1.1937698989553356,32.04161997490985,980.5621753669723
2023-01-03,-1,0.813417585522105,83.6080397598851,1064.1702151268573
2023-01-04,-1,0.8897554887092516,-2.3798451389901536,1061.7903699878673
2023-01-05,-1,0.6217554192335274,84.00179033582067,1145.792160323688
2023-01-06,-1,0.658244776141059,-127.14652706542975,1018.6456332582583
2023-01-09,0,0.12537249191915165,81.14105843927759,1099.7866916975358
2023-01-10,0,-0.06769859018461662,-0.0,1099.7866916975358
2023-01-11,0,-0.6128174432129081,-0.0,1099.7866916975358
2023-01-12,0,-1.2275497903030856,-0.0,1099.7866916975358
2023-01-13,0,-0.1779831061569047,0.0,1099.7866916975358
2023-01-17,0,-0.23348026282921294,0.0,1099.7866916975358
2023-01-18,1,-2.026296472506164,-15.0,1084.7866916975358
2023-01-19,1,-0.5243952079042824,18.72330190092813,1103.509993598464
2023-01-20,0,0.3892120492962445,40.98824638560464,1144.4982399840687
2023-01-23,0,1.4565360937733742,0.0,1144.4982399840687
2023-01-24,0,0.9868700358913066,0.0,1144.4982399840687
2023-01-25,0,1.0104758792835211,0.0,1144.4982399840687
2023-01-26,0,1.9692557094521792,0.0,1144.4982399840687
2023-01-27,0,1.4194849097718896,-0.0,1144.4982399840687
2023-01-30,0,1.7916428223839327,0.0,1144.4982399840687
2023-01-31,-1,2.149431364774829,-15.0,1129.4982399840687
2023-02-01,-1,1.6416157530570965,7.566015544345916,1137.0642555284146
2023-02-02,0,0.17968601706606405,129.21309923918696,1266.2773547676015
2023-02-03,0,-0.39165879649497626,-0.0,1266.2773547676015
2023-02-06,0,-1.429313719283643,0.0,1266.2773547676015
2023-02-07,0,-1.3977797276942017,-0.0,1266.2773547676015
2023-02-08,0,-1.7840676438235568,-0.0,1266.2773547676015
2023-02-09,1,-2.593239307698382,-15.0,1251.2773547676015
2023-02-10,1,-3.3892141021692126,-57.64855636821039,1193.6287983993911
2023-02-13,1,-2.2531980991561222,138.4243207355974,1332.0531191349885
2023-02-14,1,-2.4565749999832693,-133.8981606604705,1198.154958474518
2023-02-15,1,-2.2255927842527417,-3.975889954863146,1194.179068519655
2023-02-16,1,-2.184308820058072,-53.82008866425113,1140.3589798554037
2023-02-17,1,-1.3637326803394683,139.198122079901,1279.5571019353047
2023-02-21,1,-1.528075857519842,-51.5754999106263,1227.9816020246783
2023-02-22,1,-1.2449506181524437,31.094426914789814,1259.0760289394682
2023-02-23,1,-1.1176110063166123,15.196165672244486,1274.2721946117126
2023-02-24,1,-1.179124855570156,-35.82230441479162,1238.449890196921
2023-02-27,1,-1.115396124611067,-2.514947341654431,1235.9349428552664
2023-02-28,1,-0.7327340266914979,-12.41817462079727,1223.516768234469
2023-03-01,1,-0.7014679993833347,-72.30140160997753,1151.2153666244915
2023-03-02,1,-0.7128958602181339,92.372071385039,1243.5874380095304
2023-03-03,1,-0.8605304037297207,-44.02964327096506,1199.5577947385652
2023-03-06,0,-0.11635110193844479,133.89137769201858,1333.4491724305838
2023-03-07,0,-0.1629107876496726,-0.0,1333.4491724305838
2023-03-08,0,-0.21739787093865898,-0.0,1333.4491724305838
2023-03-09,0,-0.3569865992879847,-0.0,1333.4491724305838
2023-03-10,0,-0.6071969713536262,-0.0,1333.4491724305838
2023-03-13,0,-0.44408573732063655,0.0,1333.4491724305838
2023-03-14,0,-0.09326787214579504,0.0,1333.4491724305838
2023-03-15,0,-0.6260917189379918,0.0,1333.4491724305838
2023-03-16,0,-0.06299418725988924,0.0,1333.4491724305838
2023-03-17,0,0.2299200543355055,-0.0,1333.4491724305838
2023-03-20,0,0.10990633824657707,0.0,1333.4491724305838
2023-03-21,0,-0.6803704530671677,-0.0,1333.4491724305838
2023-03-22,0,-0.2436761227511066,-0.0,1333.4491724305838
2023-03-23,0,0.17862720778734947,-0.0,1333.4491724305838
2023-03-24,0,0.19709823284570943,0.0,1333.4491724305838
2023-03-27,0,1.1932685914237737,0.0,1333.4491724305838
2023-03-28,0,1.3781283434081584,0.0,1333.4491724305838
2023-03-29,0,1.5275059084946727,0.0,1333.4491724305838
2023-03-30,0,1.2827610977659158,-0.0,1333.4491724305838
2023-03-31,0,0.45800347110310596,0.0,1333.4491724305838
2023-04-03,0,1.4770245695685245,0.0,1333.4491724305838
2023-04-04,0,1.3866372192145389,-0.0,1333.4491724305838
2023-04-05,0,1.5315592230896553,0.0,1333.4491724305838
2023-04-06,0,0.8799541426767727,-0.0,1333.4491724305838
2023-04-10,0,1.4407084853027745,-0.0,1333.4491724305838
2023-04-11,0,1.2672296610908549,-0.0,1333.4491724305838
2023-04-12,0,1.8515975210211857,0.0,1333.4491724305838
2023-04-13,0,1.5019179798687963,0.0,1333.4491724305838
2023-04-14,0,1.8168823911231464,-0.0,1333.4491724305838
2023-04-17,-1,2.0613191856309947,-15.0,1318.4491724305838
2023-04-18,-1,1.8834224959924548,-9.757223491427656,1308.6919489391562
2023-04-19,-1,2.0857380120210856,-20.614944731565917,1288.0770042075903
2023-04-20,-1,2.101103401105413,-34.3497591469607,1253.7272450606297
2023-04-21,-1,2.0186879473748034,-12.816349799398331,1240.9108952612314
2023-04-24,-1,1.601245187964026,17.027045778870914,1257.9379410401023
2023-04-25,0,-1.3222200155110475,66.73675370240795,1324.6746947425102
2023-04-26,0,-1.188842680610173,-0.0,1324.6746947425102
2023-04-27,0,-1.6130086546900813,0.0,1324.6746947425102
2023-04-28,0,-1.2946887253689725,0.0,1324.6746947425102
2023-05-01,0,-1.3797596872313997,0.0,1324.6746947425102
2023-05-02,1,-2.088158564297127,-15.0,1309.6746947425102
2023-05-03,1,-2.455958023516274,-55.18041550153766,1254.4942792409724
2023-05-04,1,-2.547060230605591,-7.186735751311627,1247.307543489661
2023-05-05,1,-2.206388185968539,33.675955513381254,1280.9834990030422
2023-05-08,1,-1.8132153452787954,-1.827680687675722,1279.1558183153666
2023-05-09,1,-2.4220144318204198,-94.81715421655491,1184.3386640988117
2023-05-10,1,-2.072705159783075,15.403133569411882,1199.7417976682236
2023-05-11,1,-1.8224369142304813,40.65362671606772,1240.3954243842913
2023-05-12,1,-1.6427820710590568,27.51617995935829,1267.9116043436497
2023-05-15,1,-1.2067482436440862,0.9570290331135977,1268.8686333767632
2023-05-16,1,-1.5291182226854072,-100.01282116396563,1168.8558122127977
2023-05-17,1,-1.1500790710510809,9.554677399686126,1178.4104896124838
2023-05-18,1,-1.2433255262330398,-47.839956237668936,1130.5705333748149
2023-05-19,1,-1.2007889020364444,0.5188783256461287,1131.089411700461
2023-05-22,1,-0.9800139257157839,-131.14666404630532,999.9427476541556
2023-05-23,1,-0.8731743502335343,-8.987885594989846,990.9548620591657
2023-05-24,1,-0.9628770896527048,-66.22033988448992,924.7345221746758
2023-05-25,1,-1.0283655722400533,-60.031469301338426,864.7030528733374
2023-05-26,1,-1.0364565770616045,-21.34474806417003,843.3583048091673
2023-05-30,1,-0.9030030626824758,-48.40094643612685,794.9573583730404
2023-05-31,1,-1.1438179191890512,-31.941712471288334,763.015645901752
2023-06-01,1,-1.0792059658789914,39.21750201089059,802.2331479126426
2023-06-02,0,-0.41372186083649387,148.44286906858116,950.6760169812237
2023-06-05,0,-0.9041867232403364,-0.0,950.6760169812237
2023-06-06,0,-0.4632652264617622,-0.0,950.6760169812237
2023-06-07,0,0.12907113438243714,0.0,950.6760169812237
2023-06-08,0,-0.5485405216751468,-0.0,950.6760169812237
2023-06-09,0,-0.4463452581582026,0.0,950.6760169812237
2023-06-12,0,-0.695197295547672,-0.0,950.6760169812237
2023-06-13,0,0.29448049316487596,0.0,950.6760169812237
2023-06-14,0,0.23298047642213593,0.0,950.6760169812237
2023-06-15,0,0.7080476534884187,0.0,950.6760169812237
2023-06-16,0,1.9773210535175065,0.0,950.6760169812237
2023-06-20,0,1.2461796911194571,-0.0,950.6760169812237
2023-06-21,0,1.8424118205274784,0.0,950.6760169812237
2023-06-22,0,1.2237667625247002,0.0,950.6760169812237
2023-06-23,0,0.09974777200850174,-0.0,950.6760169812237
2023-06-26,0,1.4041489111119825,0.0,950.6760169812237
2023-06-27,0,-0.5317004005234337,-0.0,950.6760169812237
2023-06-28,0,0.09259971160945155,-0.0,950.6760169812237
2023-06-29,0,-1.881746883400911,-0.0,950.6760169812237
2023-06-30,1,-2.237769564774043,-15.0,935.6760169812237
2023-07-03,1,-1.3150999150806157,53.80455902157086,989.4805760027946
2023-07-05,1,-0.7450303535217953,58.905016482779565,1048.385592485574
2023-07-06,1,-2.0170506751320274,-77.32409694025037,971.0614955453237
2023-07-07,1,-1.2894041011538333,-77.15977140695247,893.9017241383713
2023-07-10,1,-2.9103659004478124,-94.70974222646922,799.1919819119021
2023-07-11,1,-1.9610794752183314,40.463402378466235,839.6553842903683
2023-07-12,1,-0.6964017665719957,66.58727250899291,906.2426567993612
2023-07-13,1,-2.0934823379026,15.902436181828026,922.1450929811892
2023-07-14,1,-1.310372991763958,80.57363892533643,1002.7187319065257
2023-07-17,0,-0.02453752727728804,10.145537269213435,1012.8642691757391
2023-07-18,0,0.1928826758635756,-0.0,1012.8642691757391
2023-07-19,0,1.2217049652429754,0.0,1012.8642691757391
2023-07-20,0,0.9428053486412753,0.0,1012.8642691757391
2023-07-21,0,0.5793251066467435,-0.0,1012.8642691757391
2023-07-24,0,0.18790295971512694,-0.0,1012.8642691757391
2023-07-25,0,-0.44977174958521005,-0.0,1012.8642691757391
2023-07-26,0,0.9363973655557178,0.0,1012.8642691757391
2023-07-27,0,1.394690633011845,-0.0,1012.8642691757391
2023-07-28,0,0.5071669214141782,-0.0,1012.8642691757391
2023-07-31,0,0.9903681894279496,-0.0,1012.8642691757391
2023-08-01,0,1.0524799394552233,-0.0,1012.8642691757391
2023-08-02,0,0.6208906404841266,0.0,1012.8642691757391
2023-08-03,0,0.6920986932876809,-0.0,1012.8642691757391
2023-08-04,0,0.3255418292630125,-0.0,1012.8642691757391
2023-08-07,0,-0.0069532418201387666,0.0,1012.8642691757391
2023-08-08,0,0.8650172992653266,-0.0,1012.8642691757391
2023-08-09,0,1.3213372995613735,0.0,1012.8642691757391
2023-08-10,0,1.1321946760546355,-0.0,1012.8642691757391
2023-08-11,0,1.340929666944412,0.0,1012.8642691757391
2023-08-14,0,0.9645545010065086,-0.0,1012.8642691757391
2023-08-15,0,1.3102622668087949,-0.0,1012.8642691757391
2023-08-16,0,1.3030395292758576,0.0,1012.8642691757391
2023-08-17,-1,2.512660928318548,-15.0,997.8642691757391
2023-08-18,-1,2.6641552282335104,-60.502575317019925,937.3616938587191
2023-08-21,-1,2.2124666680998444,66.84549041068512,1004.2071842694043
2023-08-22,-1,2.054965961709254,39.02035137243568,1043.22753564184
2023-08-23,-1,1.3111820911056105,5.1489750767878295,1048.3765107186277
2023-08-24,-1,1.4102529010600917,11.178343234270647,1059.5548539528984
2023-08-25,-1,0.8561245760741059,-9.762109614069297,1049.7927443388292
2023-08-28,-1,0.7019846227351858,-14.676665487784135,1035.1160788510451
2023-08-29,0,0.27817793672096947,5.896046703798433,1041.0121255548436
2023-08-30,0,0.1504696946062172,-0.0,1041.0121255548436
2023-08-31,0,-0.006782910479789875,-0.0,1041.0121255548436
2023-09-01,0,0.31491802179164147,-0.0,1041.0121255548436
2023-09-05,0,0.033615976588487126,-0.0,1041.0121255548436
2023-09-06,0,-0.36665907381633783,-0.0,1041.0121255548436
2023-09-07,0,-1.8141730716564266,-0.0,1041.0121255548436
2023-09-08,0,-1.6227583625162951,0.0,1041.0121255548436
2023-09-11,0,-1.8338030166078094,0.0,1041.0121255548436
2023-09-12,1,-2.1435051314942273,-15.0,1026.0121255548436
2023-09-13,1,-2.211633487489102,0.9794660548828907,1026.9915916097264
2023-09-14,1,-1.9706562955211067,57.662391671229635,1084.653983280956
2023-09-15,1,-1.9175264480687693,-66.611475422252,1018.0425078587041
2023-09-18,1,-1.3247394963192463,69.5828778081801,1087.625385666884
2023-09-19,1,-1.1013687787991435,-3.3734111060455665,1084.2519745608386
2023-09-20,1,-0.8207530853936132,43.70904243458126,1127.9610169954199
2023-09-21,1,-0.81759514485368,-105.02268172170342,1022.9383352737165
2023-09-22,1,-0.6937128680860174,12.252570912177033,1035.1909061858935
2023-09-25,1,-0.9647359583074067,-88.54528292092789,946.6456232649656
2023-09-26,1,-0.8694619003759161,-52.21768277160994,894.4279404933557
2023-09-27,1,-0.5754568584975536,-52.79993994541824,841.6280005479374
2023-09-28,1,-0.6502019522853177,-23.81777888870192,817.8102216592355
2023-09-29,0,-0.4220694380170879,16.49012756548244,834.3003492247179
2023-10-02,0,-0.7936496169908199,-0.0,834.3003492247179
2023-10-03,0,-0.93216006731835,-0.0,834.3003492247179
2023-10-04,0,-1.1010318804338661,0.0,834.3003492247179
2023-10-05,0,-1.1925526529001813,-0.0,834.3003492247179
2023-10-06,0,-0.2688024928848979,0.0,834.3003492247179
2023-10-09,0,-0.9790047024594585,-0.0,834.3003492247179
2023-10-10,0,-0.5413991475992816,0.0,834.3003492247179
2023-10-11,0,-0.19198669299382384,-0.0,834.3003492247179
2023-10-12,0,0.5531960146942191,-0.0,834.3003492247179
2023-10-13,0,-0.2073357558727755,-0.0,834.3003492247179
2023-10-16,0,0.35768266324585735,0.0,834.3003492247179
2023-10-17,-1,2.3820413381458967,-15.0,819.3003492247179
2023-10-18,-1,1.4131848657619348,33.84654425494738,853.1468934796653
2023-10-19,-1,2.7568778531465647,-81.92842541545056,771.2184680642148
2023-10-20,-1,2.93453998534081,-50.63642269856476,720.5820453656501
2023-10-23,-1,1.7926456552170553,91.24970463495204,811.8317500006021
2023-10-24,-1,2.843596613686329,-250.0731447836326,561.7586052169695
2023-10-25,-1,2.878593740217056,-83.39520752524284,478.3633976917267
2023-10-26,-1,2.4191932329465984,43.72102226049867,522.0844199522253
2023-10-27,-1,2.1375891654455326,64.50935369786114,586.5937736500864
2023-10-30,-1,2.048256669345498,-116.20066797229437,470.39310567779205
2023-10-31,-1,1.8923364501370088,-42.60463427287369,427.78847140491837
2023-11-01,-1,1.2995213840064221,37.21270449768418,465.00117590260254
2023-11-02,-1,1.2852193655461073,-80.54341762327249,384.45775827933005
2023-11-03,-1,0.9130453706601627,60.60746335411997,445.06522163345005
2023-11-06,-1,1.0724329323412067,-42.10695442943349,402.9582672040166
2023-11-07,-1,1.0635963886722348,-28.476667849201043,374.48159935481556
2023-11-08,-1,0.8698893981437608,19.399546704949792,393.88114605976534
2023-11-09,-1,0.748763968950639,53.91841466719842,447.79956072696376
2023-11-10,-1,0.5644330447405437,2.7317012860562278,450.53126201302
2023-11-13,0,0.4871670127270204,-37.19254156172723,413.3387204512928
2023-11-14,0,0.5043773221810428,0.0,413.3387204512928
2023-11-15,0,0.7908764062291321,0.0,413.3387204512928
2023-11-16,0,0.5520854935554357,-0.0,413.3387204512928
2023-11-17,0,0.8976515156659791,0.0,413.3387204512928
2023-11-20,0,1.0869498701782427,0.0,413.3387204512928
2023-11-21,0,1.3436081073705577,0.0,413.3387204512928
2023-11-22,0,1.277648268090631,0.0,413.3387204512928
2023-11-24,0,1.3481635712593427,0.0,413.3387204512928
2023-11-27,0,1.6068952061201556,-0.0,413.3387204512928
2023-11-28,0,1.5715722516127464,0.0,413.3387204512928
2023-11-29,0,1.6905669219146295,-0.0,413.3387204512928
2023-11-30,0,1.6802978416103564,0.0,413.3387204512928
2023-12-01,0,1.7334669697133447,0.0,413.3387204512928
2023-12-04,0,1.276776681197612,-0.0,413.3387204512928
2023-12-05,-1,2.011647181495412,-15.0,398.3387204512928
2023-12-06,-1,1.9204534510601106,2.7705342606384833,401.10925471193127
2023-12-07,-1,1.9736608712833865,-24.75903455010022,376.35022016183103
2023-12-08,-1,2.280895998497645,-8.82648542779418,367.52373473403685
2023-12-11,-1,1.808065622300248,-35.74817336917895,331.7755613648579
2023-12-12,-1,1.8809072170195305,-53.08222382844889,278.693337536409
2023-12-13,-1,1.1249588467507465,-24.632077783804306,254.06125975260468
2023-12-14,-1,1.28014819980342,84.84259476568084,338.9038545182855
2023-12-15,-1,1.0977823513455685,52.888059906069394,391.7919144243549
2023-12-18,-1,0.8729159592127118,-38.361284505157926,353.430629919197
2023-12-19,-1,0.9220413840055403,15.638928646704253,369.0695585659012
2023-12-20,0,0.1299946665655463,153.18614619838036,522.2557047642815
2023-12-21,0,0.100002012293592,0.0,522.2557047642815
2023-12-22,0,0.22435408059781822,0.0,522.2557047642815
2023-12-26,0,0.014835088371470625,0.0,522.2557047642815
2023-12-27,0,-0.07222800084956336,0.0,522.2557047642815
2023-12-28,0,-0.08566986057076333,0.0,522.2557047642815
2023-12-29,0,-0.06122573502439049,0.0,522.2557047642815
