Date,signal,zscore,daily_pnl,cumulative_pnl
2019-02-13,0,-0.6402326249651971,0.0,0.0
2019-02-14,0,-0.6003894114392034,0.0,0.0
2019-02-15,0,-0.9800353670723497,-0.0,0.0
2019-02-19,0,-1.0662959538881032,-0.0,0.0
2019-02-20,0,-0.9387152181805168,0.0,0.0
2019-02-21,0,-1.0557792562384438,-0.0,0.0
2019-02-22,0,-1.0224544609245374,0.0,0.0
2019-02-25,0,-1.265753750772958,-0.0,0.0
2019-02-26,0,-1.5689163627427436,-0.0,0.0
2019-02-27,0,-2.339604751632884,-0.0,0.0
2019-02-28,0,-2.4373617071333,-0.0,0.0
2019-03-01,0,-2.078093779660275,0.0,0.0
2019-03-04,0,-2.073200040458972,-0.0,0.0
2019-03-05,0,-2.1950967195524003,-0.0,0.0
2019-03-06,0,-1.668335127161713,0.0,0.0
2019-03-07,0,-1.9556730282049675,-0.0,0.0
2019-03-08,0,-1.680886635175369,0.0,0.0
2019-03-11,0,-0.8511345622668613,0.0,0.0
2019-03-12,0,-0.7614898546532188,0.0,0.0
2019-03-13,0,-0.8129452530789092,-0.0,0.0
2019-03-14,0,-0.48799045223552784,0.0,0.0
2019-03-15,0,-0.29983339890100635,0.0,0.0
2019-03-18,0,-0.0483466300420395,0.0,0.0
2019-03-19,0,-0.02581703411590194,-0.0,0.0
2019-03-20,0,-0.13169488415645117,-0.0,0.0
2019-03-21,0,-0.28008916143984713,-0.0,0.0
2019-03-22,0,-0.3544028695860483,-0.0,0.0
2019-03-25,0,0.3332113562503426,0.0,0.0
2019-03-26,0,0.5817683767905598,0.0,0.0
2019-03-27,0,0.47501775536477636,-0.0,0.0
2019-03-28,0,-0.2638952556043341,-0.0,0.0
2019-03-29,0,-0.24531489323899577,-0.0,0.0
2019-04-01,0,0.10697456857953996,0.0,0.0
2019-04-02,0,-0.7034237004713121,-0.0,0.0
2019-04-03,0,-0.4701316721950602,0.0,0.0
2019-04-04,0,-1.073482730755989,-0.0,0.0
2019-04-05,0,0.0888321621241286,0.0,0.0
2019-04-08,0,-0.5163558237174093,-0.0,0.0
2019-04-09,0,-0.41861547602954396,0.0,0.0
2019-04-10,0,1.9191543164022942,0.0,0.0
2019-04-11,0,1.8411999011145466,0.0,0.0
2019-04-12,0,1.9190423618225763,0.0,0.0
2019-04-15,0,1.5282670925157336,-0.0,0.0
2019-04-16,0,1.4847299403194603,-0.0,0.0
2019-04-17,0,1.797717442013923,0.0,0.0
2019-04-18,0,1.1928029783258172,-0.0,0.0
2019-04-22,0,1.8278826720244563,0.0,0.0
2019-04-23,0,0.9097626173406266,-0.0,0.0
2019-04-24,0,0.39008769162698953,-0.0,0.0
2019-04-25,0,1.816452298130979,0.0,0.0
2019-04-26,0,2.184832117212365,0.0,0.0
2019-04-29,0,1.9920980879071335,0.0,0.0
2019-04-30,0,2.090940332283665,0.0,0.0
2019-05-01,0,2.1875119443857103,0.0,0.0
2019-05-02,0,1.951648557801908,0.0,0.0
2019-05-03,0,1.7696637885008581,-0.0,0.0
2019-05-06,0,1.0669306622712764,-0.0,0.0
2019-05-07,0,0.44911348085250585,-0.0,0.0
2019-05-08,0,-0.32497941467230546,-0.0,0.0
2019-05-09,0,-0.5353462094977477,-0.0,0.0
2019-05-10,0,-0.10020195426835134,0.0,0.0
2019-05-13,0,-0.6448099344860618,-0.0,0.0
2019-05-14,0,0.22377184155393168,0.0,0.0
2019-05-15,0,0.09386722420156741,-0.0,0.0
2019-05-16,0,0.8983727392521541,0.0,0.0
2019-05-17,0,0.30679718370607784,-0.0,0.0
2019-05-20,0,-0.49458210331853936,-0.0,0.0
2019-05-21,0,-0.5964445562189832,-0.0,0.0
2019-05-22,0,-1.4551958535331235,-0.0,0.0
2019-05-23,0,-2.665757610467442,-0.0,0.0
2019-05-24,0,-2.1619956163527867,0.0,0.0
2019-05-28,0,-1.7697898098712515,0.0,0.0
2019-05-29,0,-1.5407875732323768,0.0,0.0
2019-05-30,0,-2.022408356535291,-0.0,0.0
2019-05-31,0,-2.1624021961010196,-0.0,0.0
2019-06-03,0,-1.838198866516433,0.0,0.0
2019-06-04,0,-1.6800195633045063,-0.0,0.0
2019-06-05,0,-1.562107831240979,-0.0,0.0
2019-06-06,0,-1.4840240850644122,-0.0,0.0
2019-06-07,0,-1.383154327790325,-0.0,0.0
2019-06-10,0,-1.0970040366162954,0.0,0.0
2019-06-11,0,-0.879624035497334,0.0,0.0
2019-06-12,0,-0.5493608133693059,0.0,0.0
2019-06-13,0,-0.4834969630748538,-0.0,0.0
2019-06-14,0,-0.4747508595410083,-0.0,0.0
2019-06-17,0,-0.6351235090612156,-0.0,0.0
2019-06-18,0,-0.5283605574348693,0.0,0.0
2019-06-19,0,-0.17361480344384392,0.0,0.0
2019-06-20,0,-0.07066726220272807,0.0,0.0
2019-06-21,0,0.3297935092078916,0.0,0.0
2019-06-24,0,0.23151226699368693,-0.0,0.0
2019-06-25,0,0.8717149241384977,0.0,0.0
2019-06-26,0,1.9860674020083176,0.0,0.0
2019-06-27,0,1.8629393354034873,-0.0,0.0
2019-06-28,0,2.179607744023074,0.0,0.0
2019-07-01,0,1.695761211834572,-0.0,0.0
2019-07-02,0,0.7062158658713461,-0.0,0.0
2019-07-03,0,0.9183429292780505,0.0,0.0
2019-07-05,0,0.9753473951279096,0.0,0.0
2019-07-08,0,0.5988286433494068,-0.0,0.0
2019-07-09,0,0.9072225967754138,0.0,0.0
2019-07-10,0,0.85277207083187,-0.0,0.0
2019-07-11,0,1.1464391816603676,0.0,0.0
2019-07-12,0,1.1583443519174763,0.0,0.0
2019-07-15,0,1.1464142527410144,0.0,0.0
2019-07-16,0,1.464526130061988,0.0,0.0
2019-07-17,0,1.2094399723980103,-0.0,0.0
2019-07-18,0,1.4196687959430028,0.0,0.0
2019-07-19,0,1.391750542278616,0.0,0.0
2019-07-22,0,1.5440434514747023,0.0,0.0
2019-07-23,0,1.492148222825383,0.0,0.0
2019-07-24,0,1.895316347690176,0.0,0.0
2019-07-25,0,0.9518741490650573,-0.0,0.0
2019-07-26,0,1.2623901472665036,0.0,0.0
2019-07-29,0,0.8643022360145886,-0.0,0.0
2019-07-30,0,1.1241098633138122,0.0,0.0
2019-07-31,0,1.7117105999319893,0.0,0.0
2019-08-01,0,2.066043091130829,0.0,0.0
2019-08-02,0,1.345321528268332,-0.0,0.0
2019-08-05,0,-0.4912766931067585,-0.0,0.0
2019-08-06,0,-0.4160012999979187,0.0,0.0
2019-08-07,0,-0.7381768506347156,-0.0,0.0
2019-08-08,0,-0.2255747224557268,0.0,0.0
2019-08-09,0,0.6889347531089338,0.0,0.0
2019-08-12,0,-0.005410743142925044,-0.0,0.0
2019-08-13,0,0.32668230195549164,0.0,0.0
2019-08-14,0,0.4660020346012306,0.0,0.0
2019-08-15,0,1.0487087867756328,0.0,0.0
2019-08-16,0,1.125811487754889,0.0,0.0
2019-08-19,0,1.2716681110535535,0.0,0.0
2019-08-20,0,0.4612436449447354,-0.0,0.0
2019-08-21,0,0.16421582603703258,-0.0,0.0
2019-08-22,0,-0.4635772709302981,-0.0,0.0
2019-08-23,0,-1.1975168984745757,-0.0,0.0
2019-08-26,0,-1.7714556647678328,-0.0,0.0
2019-08-27,0,-2.355839813682911,-0.0,0.0
2019-08-28,0,-1.8655001256146369,0.0,0.0
2019-08-29,0,-0.8156742065147746,0.0,0.0
2019-08-30,0,-0.7881319765488232,-0.0,0.0
2019-09-03,0,-1.1814668566091502,-0.0,0.0
2019-09-04,0,-1.4093514012743764,-0.0,0.0
2019-09-05,0,-0.8202820623507071,0.0,0.0
2019-09-06,0,-0.44105685629738073,0.0,0.0
2019-09-09,0,-0.047432285046223266,0.0,0.0
2019-09-10,0,0.886290481052883,0.0,0.0
2019-09-11,0,1.4636937684494944,0.0,0.0
2019-09-12,0,1.9249962159597689,0.0,0.0
2019-09-13,0,2.4109237712752494,0.0,0.0
2019-09-16,0,0.2107533483241072,-0.0,0.0
2019-09-17,0,1.4334058869736828,0.0,0.0
2019-09-18,0,1.1787782882667122,-0.0,0.0
2019-09-19,0,1.3245740760282632,0.0,0.0
2019-09-20,0,1.0397804502769807,-0.0,0.0
2019-09-23,0,1.5337331788815363,0.0,0.0
2019-09-24,0,1.434604347829469,0.0,0.0
2019-09-25,0,1.4670115231001102,0.0,0.0
2019-09-26,0,1.3179046604871765,-0.0,0.0
2019-09-27,0,1.5334454524722438,0.0,0.0
2019-09-30,0,2.023513819905911,0.0,0.0
2019-10-01,0,2.3563378587312434,0.0,0.0
2019-10-02,0,1.970958615655178,0.0,0.0
2019-10-03,0,1.7449095037534348,-0.0,0.0
2019-10-04,0,1.574346458023513,-0.0,0.0
2019-10-07,0,1.439709071499261,0.0,0.0
2019-10-08,0,1.6711005198173843,0.0,0.0
2019-10-09,0,1.7918738985269405,0.0,0.0
2019-10-10,0,1.6358384809225595,-0.0,0.0
2019-10-11,0,1.8405154080776538,0.0,0.0
2019-10-14,0,1.766533212396162,0.0,0.0
2019-10-15,0,1.7932598474177581,0.0,0.0
2019-10-16,0,1.8930423043446345,0.0,0.0
2019-10-17,0,1.9998738172850263,0.0,0.0
2019-10-18,0,2.1586416129438564,0.0,0.0
2019-10-21,0,2.150187422066609,0.0,0.0
2019-10-22,0,2.0541284030838103,0.0,0.0
2019-10-23,0,1.679580667652281,-0.0,0.0
2019-10-24,0,2.179456671491877,0.0,0.0
2019-10-25,0,2.2719671984819247,0.0,0.0
2019-10-28,0,2.2642644798185985,0.0,0.0
2019-10-29,0,2.1594411788686,0.0,0.0
2019-10-30,0,1.8019424391268581,-0.0,0.0
2019-10-31,0,1.4428018783428571,-0.0,0.0
2019-11-01,0,1.4419631713589085,-0.0,0.0
2019-11-04,0,1.2287923637870743,-0.0,0.0
2019-11-05,0,0.9139680183257666,-0.0,0.0
2019-11-06,0,1.0050112411711656,0.0,0.0
2019-11-07,0,0.8555719932198422,-0.0,0.0
2019-11-08,0,0.9564229749543954,0.0,0.0
2019-11-11,0,0.9458735456333696,0.0,0.0
2019-11-12,0,1.027811692694942,0.0,0.0
2019-11-13,0,1.0328667295860496,0.0,0.0
2019-11-14,0,1.1281592829805636,0.0,0.0
2019-11-15,0,0.8996795907703323,-0.0,0.0
2019-11-18,0,1.0792178247780098,0.0,0.0
2019-11-19,0,0.6711830576631352,-0.0,0.0
2019-11-20,0,0.4777806818195111,-0.0,0.0
2019-11-21,0,0.2864421127064729,-0.0,0.0
2019-11-22,0,0.07205445967639659,-0.0,0.0
2019-11-25,0,0.09325649873637397,0.0,0.0
2019-11-26,0,0.10138166248024781,0.0,0.0
2019-11-27,0,-0.09999313719429502,-0.0,0.0
2019-11-29,0,-0.642261589154257,-0.0,0.0
2019-12-02,0,-0.871130378618445,-0.0,0.0
2019-12-03,0,-1.5343738394470996,-0.0,0.0
2019-12-04,0,-2.277695456176992,-0.0,0.0
2019-12-05,0,-2.3182132152591617,0.0,0.0
2019-12-06,0,-2.3167670491153336,-0.0,0.0
2019-12-09,0,-2.4857178672503064,-0.0,0.0
2019-12-10,0,-1.250567723239146,0.0,0.0
2019-12-11,0,-1.7820300962773146,-0.0,0.0
2019-12-12,0,-1.5976908889737271,-0.0,0.0
2019-12-13,0,-1.2956992974747108,0.0,0.0
2019-12-16,0,-1.0277374615772932,0.0,0.0
2019-12-17,0,-0.625119289576029,0.0,0.0
2019-12-18,0,-1.1133429152122833,-0.0,0.0
2019-12-19,0,-0.8227069625061573,0.0,0.0
2019-12-20,0,-0.7487442084554243,-0.0,0.0
2019-12-23,0,-0.85125632729292,-0.0,0.0
2019-12-24,0,-0.7386619337774396,0.0,0.0
2019-12-26,0,-0.9838386700908441,-0.0,0.0
2019-12-27,0,-1.2808623656007596,-0.0,0.0
2019-12-30,0,-1.1815124787727782,0.0,0.0
2019-12-31,0,-0.9452362660667268,0.0,0.0
2020-01-02,0,-0.8101301595712442,-0.0,0.0
2020-01-03,0,-2.129336197832698,-0.0,0.0
2020-01-06,0,-2.2094462895522344,-0.0,0.0
2020-01-07,0,-1.2633402859922311,0.0,0.0
2020-01-08,0,-0.46839520737717355,0.0,0.0
2020-01-09,0,0.3815604971422363,0.0,0.0
2020-01-10,0,1.769596168773901,0.0,0.0
2020-01-13,0,1.1097446586533737,-0.0,0.0
2020-01-14,0,1.0565829260237054,0.0,0.0
2020-01-15,0,-0.7985860208941727,-0.0,0.0
2020-01-16,0,-0.7345446630252969,0.0,0.0
2020-01-17,0,-0.993737159614751,-0.0,0.0
2020-01-21,0,-0.8761006139422807,0.0,0.0
2020-01-22,0,-0.9608632365701946,-0.0,0.0
2020-01-23,0,-0.74288281634167,0.0,0.0
2020-01-24,0,-0.5434860636668345,0.0,0.0
2020-01-27,0,-1.9360779701372068,-0.0,0.0
2020-01-28,0,-1.2513728486246682,0.0,0.0
2020-01-29,0,-0.5719517198377463,0.0,0.0
2020-01-30,0,0.028515545380228345,0.0,0.0
2020-01-31,0,-0.49007892373364004,0.0,0.0
2020-02-03,0,-1.8314452299544801,-0.0,0.0
2020-02-04,0,-0.7390576585680163,0.0,0.0
2020-02-05,0,-0.947503080534096,-0.0,0.0
2020-02-06,0,-0.6568174622744435,0.0,0.0
2020-02-07,0,0.08569959223536579,0.0,0.0
2020-02-10,0,0.6980755443557577,0.0,0.0
2020-02-11,0,0.7980509773713428,-0.0,0.0
2020-02-12,0,0.7610376614424433,-0.0,0.0
2020-02-13,0,0.19947221025736045,-0.0,0.0
2020-02-14,0,-0.21855566822735917,-0.0,0.0
2020-02-18,0,0.16416891233762498,0.0,0.0
2020-02-19,0,0.23566263966714934,-0.0,0.0
2020-02-20,0,1.0910890668063102,0.0,0.0
2020-02-21,0,0.7705807027118994,-0.0,0.0
2020-02-24,0,-0.281760818832791,-0.0,0.0
2020-02-25,0,-1.1117318593990007,-0.0,0.0
2020-02-26,0,-2.0342737626027314,-0.0,0.0
2020-02-27,1,-3.0473189813073343,-15.0,-15.0
2020-02-28,1,-3.2218058810407904,-359.4267181951995,-374.4267181951995
2020-03-02,1,-3.008776199807154,-293.0011637013757,-667.4278818965752
2020-03-03,1,-2.7145860668292836,37.25601674979387,-630.1718651467813
2020-03-04,1,-2.723672124798899,-292.412564670532,-922.5844298173133
2020-03-05,1,-2.3348854637281145,117.4608750913312,-805.1235547259821
2020-03-06,1,-1.0770120669666408,772.5543557126443,-32.569199013337766
2020-03-09,0,-0.5490604347090038,626.9543163329494,594.3851173196116
2020-03-10,0,-0.43420189840923445,-0.0,594.3851173196116
2020-03-11,0,-1.5792811109866765,-0.0,594.3851173196116
2020-03-12,0,-2.5468667483633634,-0.0,594.3851173196116
2020-03-13,0,-1.2635285001225594,0.0,594.3851173196116
2020-03-16,0,-2.0353734974550237,-0.0,594.3851173196116
2020-03-17,0,-2.6539821091229268,-0.0,594.3851173196116
2020-03-18,0,-2.2999769843139655,0.0,594.3851173196116
2020-03-19,0,-1.9162631014780103,0.0,594.3851173196116
2020-03-20,0,-1.3106173554153748,0.0,594.3851173196116
2020-03-23,0,-1.8517847607251559,-0.0,594.3851173196116
2020-03-24,0,-1.9858325936996433,-0.0,594.3851173196116
2020-03-25,0,-1.4515797134992494,0.0,594.3851173196116
2020-03-26,0,-0.7887958073156692,0.0,594.3851173196116
2020-03-27,0,-0.5266552397065709,0.0,594.3851173196116
2020-03-30,0,-0.25607267869782624,0.0,594.3851173196116
2020-03-31,0,-0.5591647062136743,-0.0,594.3851173196116
2020-04-01,0,-1.0936483401864812,-0.0,594.3851173196116
2020-04-02,0,-1.4392340818306741,-0.0,594.3851173196116
2020-04-03,0,-1.3560797281916968,0.0,594.3851173196116
2020-04-06,0,-0.5649510674981378,0.0,594.3851173196116
2020-04-07,0,-0.31897100361229846,0.0,594.3851173196116
2020-04-08,0,-0.1218946496342284,0.0,594.3851173196116
2020-04-09,0,-0.2155121639211977,-0.0,594.3851173196116
2020-04-13,0,-0.1697288835003281,0.0,594.3851173196116
2020-04-14,0,0.2169786108903795,0.0,594.3851173196116
2020-04-15,0,-0.2132513326148281,-0.0,594.3851173196116
2020-04-16,0,-0.23576327729786933,0.0,594.3851173196116
2020-04-17,0,0.31243427088701287,0.0,594.3851173196116
2020-04-20,0,0.5684248601869033,0.0,594.3851173196116
2020-04-21,0,0.5359239033589945,-0.0,594.3851173196116
2020-04-22,0,0.6646310424318305,-0.0,594.3851173196116
2020-04-23,0,0.7695639445190919,-0.0,594.3851173196116
2020-04-24,0,0.7887001645710766,0.0,594.3851173196116
2020-04-27,0,1.7751316324869957,0.0,594.3851173196116
2020-04-28,0,1.9772620022530996,0.0,594.3851173196116
2020-04-29,-1,3.0364863376572795,-15.0,579.3851173196116
2020-04-30,-1,2.2441676397867147,205.6765302357319,785.0616475553435
2020-05-01,-1,1.8240968207890331,-87.510137504912,697.5515100504315
2020-05-04,-1,2.2149755934351885,-376.82999868952174,320.72151136090974
2020-05-05,-1,1.9017146041132666,87.9098453803251,408.63135674123487
2020-05-06,-1,1.5673405090541397,122.47492014274695,531.1062768839818
2020-05-07,-1,1.4752753284710154,6.9436468474565975,538.0499237314384
2020-05-08,-1,1.810654483784306,-263.7568406244347,274.2930831070037
2020-05-11,-1,1.6771175601906427,-54.87895078387896,219.41413232312476
2020-05-12,-1,1.324809383315118,150.6765598980313,370.090692221156
2020-05-13,-1,1.085187988054277,-31.708425001871767,338.38226721928424
2020-05-14,-1,1.0096625587073087,39.033393489558264,377.4156607088425
2020-05-15,0,0.9054498033365824,10.671301496194253,388.08696220503674
2020-05-18,0,1.2190908138375616,0.0,388.08696220503674
2020-05-19,0,1.372995873855705,0.0,388.08696220503674
2020-05-20,0,1.588899833909574,0.0,388.08696220503674
2020-05-21,0,1.348123130506565,-0.0,388.08696220503674
2020-05-22,0,1.2474928307033166,-0.0,388.08696220503674
2020-05-26,0,1.4583784856178783,0.0,388.08696220503674
2020-05-27,0,1.555459514191654,0.0,388.08696220503674
2020-05-28,0,1.1587609230990161,-0.0,388.08696220503674
2020-05-29,0,0.9202649467648595,-0.0,388.08696220503674
2020-06-01,0,0.6681459990873254,-0.0,388.08696220503674
2020-06-02,0,0.7232460324786638,-0.0,388.08696220503674
2020-06-03,0,0.7307529424862977,-0.0,388.08696220503674
2020-06-04,0,0.604743262574686,-0.0,388.08696220503674
2020-06-05,0,0.6303511894503013,-0.0,388.08696220503674
2020-06-08,0,0.3112167881083332,-0.0,388.08696220503674
2020-06-09,0,-1.0069301661041516,-0.0,388.08696220503674
2020-06-10,0,-0.776951564342963,0.0,388.08696220503674
2020-06-11,0,-2.201777182837168,-0.0,388.08696220503674
2020-06-12,0,-1.2792067781615435,0.0,388.08696220503674
2020-06-15,0,-1.3740808032523086,-0.0,388.08696220503674
2020-06-16,0,-0.7168114642524045,0.0,388.08696220503674
2020-06-17,0,-1.559134006075093,-0.0,388.08696220503674
2020-06-18,0,-0.7146622232733324,0.0,388.08696220503674
2020-06-19,0,-0.9038119301827053,-0.0,388.08696220503674
2020-06-22,0,-1.244483865729152,-0.0,388.08696220503674
2020-06-23,0,-1.285431687610059,-0.0,388.08696220503674
2020-06-24,0,-1.9737069146203834,-0.0,388.08696220503674
2020-06-25,0,-2.2448469822687405,-0.0,388.08696220503674
2020-06-26,0,-1.82262236443404,0.0,388.08696220503674
2020-06-29,0,-1.7270229492588043,-0.0,388.08696220503674
2020-06-30,0,-1.2040407813442533,0.0,388.08696220503674
2020-07-01,0,-1.4636907658463643,-0.0,388.08696220503674
2020-07-02,0,-1.494147925350269,-0.0,388.08696220503674
2020-07-06,0,-1.4409188920177176,-0.0,388.08696220503674
2020-07-07,0,-1.84284670436664,-0.0,388.08696220503674
2020-07-08,0,-1.7197384688931119,-0.0,388.08696220503674
2020-07-09,0,-1.8233562300824466,-0.0,388.08696220503674
2020-07-10,0,-1.2119464313968122,0.0,388.08696220503674
2020-07-13,0,-1.2535634118164718,-0.0,388.08696220503674
2020-07-14,0,-1.275240589853859,-0.0,388.08696220503674
2020-07-15,0,-0.6012646698003585,0.0,388.08696220503674
2020-07-16,0,-0.6298963884771533,-0.0,388.08696220503674
2020-07-17,0,-0.6673348760233256,-0.0,388.08696220503674
2020-07-20,0,-0.6302555458519717,0.0,388.08696220503674
2020-07-21,0,-0.2505168334543087,0.0,388.08696220503674
2020-07-22,0,0.04414918807939149,0.0,388.08696220503674
2020-07-23,0,0.3163642432268956,0.0,388.08696220503674
2020-07-24,0,0.5718441762546594,0.0,388.08696220503674
2020-07-27,0,0.33410866639000836,-0.0,388.08696220503674
2020-07-28,0,0.1270912013443848,-0.0,388.08696220503674
2020-07-29,0,1.2543033671647996,0.0,388.08696220503674
2020-07-30,0,0.8035180234540421,-0.0,388.08696220503674
2020-07-31,0,0.7494380053016589,-0.0,388.08696220503674
2020-08-03,0,0.008325006787012361,-0.0,388.08696220503674
2020-08-04,0,-1.2241146415990685,-0.0,388.08696220503674
2020-08-05,0,-2.1331867768706,-0.0,388.08696220503674
2020-08-06,0,-1.875644807731597,0.0,388.08696220503674
2020-08-07,0,-1.042412284576104,0.0,388.08696220503674
2020-08-10,0,-1.114491730330814,-0.0,388.08696220503674
2020-08-11,0,-1.2401008010200427,-0.0,388.08696220503674
2020-08-12,0,-0.4225499990452064,0.0,388.08696220503674
2020-08-13,0,-0.7679680628740951,-0.0,388.08696220503674
2020-08-14,0,-0.19251844323658865,0.0,388.08696220503674
2020-08-17,0,0.7104929742417491,0.0,388.08696220503674
2020-08-18,0,0.3418867765652987,-0.0,388.08696220503674
2020-08-19,0,0.3215630640957773,0.0,388.08696220503674
2020-08-20,0,-0.19333092408279462,-0.0,388.08696220503674
2020-08-21,0,-0.061461454112501826,0.0,388.08696220503674
2020-08-24,0,0.4850009201417299,0.0,388.08696220503674
2020-08-25,0,0.844754150208322,0.0,388.08696220503674
2020-08-26,0,1.0283495064755688,0.0,388.08696220503674
2020-08-27,0,0.995666861245713,0.0,388.08696220503674
2020-08-28,0,1.1438885762154973,0.0,388.08696220503674
2020-08-31,0,0.32947570412374855,-0.0,388.08696220503674
2020-09-01,0,0.5522852714368685,0.0,388.08696220503674
2020-09-02,0,0.9066403746601508,0.0,388.08696220503674
2020-09-03,0,0.6512161660702919,-0.0,388.08696220503674
2020-09-04,0,0.11421799871970309,-0.0,388.08696220503674
2020-09-08,0,-0.6523318514755229,-0.0,388.08696220503674
2020-09-09,0,-0.9832804964641919,-0.0,388.08696220503674
2020-09-10,0,-1.4783501766694258,-0.0,388.08696220503674
2020-09-11,0,-0.939449666517533,0.0,388.08696220503674
2020-09-14,0,-0.11776455832936458,0.0,388.08696220503674
2020-09-15,0,-0.3878127525813586,-0.0,388.08696220503674
2020-09-16,0,0.07525566904043458,0.0,388.08696220503674
2020-09-17,0,-0.039891540192441184,-0.0,388.08696220503674
2020-09-18,0,0.13646456383065544,0.0,388.08696220503674
2020-09-21,0,-0.24529865348459987,-0.0,388.08696220503674
2020-09-22,0,0.42564774241271064,0.0,388.08696220503674
2020-09-23,0,-0.8282121784326684,-0.0,388.08696220503674
2020-09-24,0,-0.7270598949565524,0.0,388.08696220503674
2020-09-25,0,-1.4846645621139873,-0.0,388.08696220503674
2020-09-28,0,-1.3079173561947353,-0.0,388.08696220503674
2020-09-29,0,-1.3972972224917861,0.0,388.08696220503674
2020-09-30,0,-1.3925878029304743,-0.0,388.08696220503674
2020-10-01,0,-2.2485223729865904,-0.0,388.08696220503674
2020-10-02,0,-1.709827074533588,0.0,388.08696220503674
2020-10-05,0,-0.7819343936720273,0.0,388.08696220503674
2020-10-06,0,-0.9265106988716373,-0.0,388.08696220503674
2020-10-07,0,-0.9226266995015385,-0.0,388.08696220503674
2020-10-08,0,-0.8260577780536988,-0.0,388.08696220503674
2020-10-09,0,-0.8625474064839151,0.0,388.08696220503674
2020-10-12,0,-1.0936403370881085,-0.0,388.08696220503674
2020-10-13,0,-1.7564436898530107,-0.0,388.08696220503674
2020-10-14,0,-1.4389222857552653,0.0,388.08696220503674
2020-10-15,0,-1.7139586507826299,-0.0,388.08696220503674
2020-10-16,0,-2.240487607216976,-0.0,388.08696220503674
2020-10-19,0,-2.1512955328878656,-0.0,388.08696220503674
2020-10-20,0,-1.2996309977244458,0.0,388.08696220503674
2020-10-21,0,-0.9515015362211732,0.0,388.08696220503674
2020-10-22,0,-1.5823819645104797,-0.0,388.08696220503674
2020-10-23,0,-0.6284637062106299,0.0,388.08696220503674
2020-10-26,0,-1.4746118973738018,-0.0,388.08696220503674
2020-10-27,0,-1.7339632629560753,-0.0,388.08696220503674
2020-10-28,0,-1.951884981037596,-0.0,388.08696220503674
2020-10-29,0,-1.891710575729392,-0.0,388.08696220503674
2020-10-30,0,-1.0269848830040291,0.0,388.08696220503674
2020-11-02,0,-1.0879292056545111,-0.0,388.08696220503674
2020-11-03,0,-0.9313652481561787,0.0,388.08696220503674
2020-11-04,0,-1.0687645357887836,-0.0,388.08696220503674
2020-11-05,0,-0.6070825509243422,0.0,388.08696220503674
2020-11-06,0,-1.1783694260981563,-0.0,388.08696220503674
2020-11-09,-1,3.2274993015951905,-15.0,373.08696220503674
2020-11-10,-1,2.356152095466322,275.37188775009116,648.4588499551279
2020-11-11,-1,2.2374131846296517,-82.80031172093071,565.6585382341972
2020-11-12,-1,1.5669298776915237,115.81670941384556,681.4752476480428
2020-11-13,-1,2.424280524778174,-496.4691893638702,185.00605828417258
2020-11-16,-1,2.8321050101201006,-279.5358020594812,-94.52974377530865
2020-11-17,-1,2.1632274924331885,250.187030076713,155.65728630140435
2020-11-18,-1,1.6122473354776288,107.69893437578601,263.3562206771904
2020-11-19,-1,1.43368302999007,65.66968746180319,329.0259081389936
2020-11-20,-1,1.3749060263042148,-63.22502710709322,265.80088103190036
2020-11-23,-1,1.915715393572185,-294.6003155892106,-28.799434557310235
2020-11-24,-1,1.6277281322752117,326.4444902042982,297.64505564698794
2020-11-25,-1,1.328351428000117,36.3662694935514,334.0113251405393
2020-11-27,-1,1.4319318350165764,-205.83647484530965,128.17485029522967
2020-11-30,-1,1.2058182062283298,-77.49533646781735,50.67951382741232
2020-12-01,-1,1.1750045792484136,-7.19933266135904,43.480181166053285
2020-12-02,-1,1.5378741061073946,-250.78081798363357,-207.30063681758028
2020-12-03,-1,1.3287073704973653,104.16217307238718,-103.1384637451931
2020-12-04,-1,1.5850247367557349,-165.92970532347505,-269.06816906866817
2020-12-07,-1,1.2800935198403345,83.34350621350777,-185.7246628551604
2020-12-08,0,0.7981582787974325,436.9996113030951,251.2749484479347
2020-12-09,0,0.5721177708267837,-0.0,251.2749484479347
2020-12-10,0,0.4597728715054925,-0.0,251.2749484479347
2020-12-11,0,0.2584630910160595,-0.0,251.2749484479347
2020-12-14,0,-0.028337296604242685,-0.0,251.2749484479347
2020-12-15,0,-0.04919512169337975,-0.0,251.2749484479347
2020-12-16,0,-0.5220239994128827,-0.0,251.2749484479347
2020-12-17,0,-0.7703609055007704,-0.0,251.2749484479347
2020-12-18,0,-1.2112962468868624,-0.0,251.2749484479347
2020-12-21,0,-1.5133896787575922,0.0,251.2749484479347
2020-12-22,0,-1.2553603904610322,0.0,251.2749484479347
2020-12-23,0,-0.5700786174478822,0.0,251.2749484479347
2020-12-24,0,-0.5579475604096056,0.0,251.2749484479347
2020-12-28,0,-0.9791525473238526,-0.0,251.2749484479347
2020-12-29,0,-0.5244567592665587,0.0,251.2749484479347
2020-12-30,0,-0.03632738667867768,0.0,251.2749484479347
2020-12-31,0,0.11006743866447621,0.0,251.2749484479347
2021-01-04,0,-0.4758619300235258,-0.0,251.2749484479347
2021-01-05,0,-0.7808777704655936,-0.0,251.2749484479347
2021-01-06,0,-0.7380671502886016,-0.0,251.2749484479347
2021-01-07,0,-0.3534560092116823,0.0,251.2749484479347
2021-01-08,0,-1.5132342610641403,-0.0,251.2749484479347
2021-01-11,0,-1.654816080052106,-0.0,251.2749484479347
2021-01-12,0,-1.6388528482219826,-0.0,251.2749484479347
2021-01-13,0,-2.3660239645598224,-0.0,251.2749484479347
2021-01-14,0,-1.948613330488816,0.0,251.2749484479347
2021-01-15,0,-1.5699541923017437,0.0,251.2749484479347
2021-01-19,0,-1.0468026094232623,0.0,251.2749484479347
2021-01-20,0,-1.3220659461472135,-0.0,251.2749484479347
2021-01-21,0,-1.3559394856234799,0.0,251.2749484479347
2021-01-22,0,-0.6761792475118857,0.0,251.2749484479347
2021-01-25,0,-0.35629089584101953,0.0,251.2749484479347
2021-01-26,0,-0.36699814435444394,0.0,251.2749484479347
2021-01-27,0,0.29673028199675555,0.0,251.2749484479347
2021-01-28,0,-0.32002821144274896,-0.0,251.2749484479347
2021-01-29,0,-0.5782834933290476,-0.0,251.2749484479347
2021-02-01,0,-0.6942078014572295,-0.0,251.2749484479347
2021-02-02,0,-0.2566627188886775,0.0,251.2749484479347
2021-02-03,0,-0.06382482132473012,-0.0,251.2749484479347
2021-02-04,0,-0.09016582199345456,-0.0,251.2749484479347
2021-02-05,0,-0.6953307723784605,-0.0,251.2749484479347
2021-02-08,0,-0.2698563869631307,0.0,251.2749484479347
2021-02-09,0,0.042422991355726476,0.0,251.2749484479347
2021-02-10,0,0.6207285365628671,0.0,251.2749484479347
2021-02-11,0,1.15217261554561,0.0,251.2749484479347
2021-02-12,0,0.8945077063508351,-0.0,251.2749484479347
2021-02-16,0,1.346640161039545,0.0,251.2749484479347
2021-02-17,0,1.5337903898245917,-0.0,251.2749484479347
2021-02-18,0,1.8631136082349904,0.0,251.2749484479347
2021-02-19,-1,3.2080711749257236,-15.0,236.2749484479347
2021-02-22,-1,2.9410372920046353,37.37185195834373,273.64680040627843
2021-02-23,-1,2.7135186928010393,-53.578521569854416,220.068278836424
2021-02-24,-1,2.485197038834108,29.669129970258805,249.73740880668282
2021-02-25,-1,2.4382269934368916,-186.5904016760394,63.14700713064343
2021-02-26,-1,2.267021509593979,-132.78098737987293,-69.6339802492295
2021-03-01,-1,1.7037314224075129,316.5867871362617,246.9528068870322
2021-03-02,-1,1.373758310981471,84.08105257928584,331.03385946631806
2021-03-03,-1,1.3777196676997787,-26.497861906411032,304.53599755990706
2021-03-04,0,0.34972345278776196,573.7101099859163,878.2461075458234
2021-03-05,0,0.35848083975933415,-0.0,878.2461075458234
2021-03-08,0,0.7632196789269304,0.0,878.2461075458234
2021-03-09,0,-0.11510023168612984,-0.0,878.2461075458234
2021-03-10,0,0.642449176960474,0.0,878.2461075458234
2021-03-11,0,1.050100579520361,0.0,878.2461075458234
2021-03-12,0,0.7629099149026976,-0.0,878.2461075458234
2021-03-15,0,1.0390574435806679,0.0,878.2461075458234
2021-03-16,0,0.6613060541756445,-0.0,878.2461075458234
2021-03-17,0,0.4673840685973646,-0.0,878.2461075458234
2021-03-18,0,-0.40974200502363806,-0.0,878.2461075458234
2021-03-19,0,-0.34537069635239254,0.0,878.2461075458234
2021-03-22,0,-0.7012647296706221,-0.0,878.2461075458234
2021-03-23,0,-1.297478101289854,-0.0,878.2461075458234
2021-03-24,0,-1.1901791271414042,0.0,878.2461075458234
2021-03-25,0,-0.9155788112734499,0.0,878.2461075458234
2021-03-26,0,-1.3187962117333738,-0.0,878.2461075458234
2021-03-29,0,-1.6598665798124976,-0.0,878.2461075458234
2021-03-30,0,-1.3632656520795798,0.0,878.2461075458234
2021-03-31,0,-1.059874871144828,0.0,878.2461075458234
2021-04-01,0,-0.2981709241103562,0.0,878.2461075458234
2021-04-05,0,-0.15401679037593632,0.0,878.2461075458234
2021-04-06,0,-0.23052046811140975,-0.0,878.2461075458234
2021-04-07,0,-0.21140769446358512,-0.0,878.2461075458234
2021-04-08,0,-0.526214772638468,-0.0,878.2461075458234
2021-04-09,0,-1.170911902560103,-0.0,878.2461075458234
2021-04-12,0,-1.2997508187112956,-0.0,878.2461075458234
2021-04-13,0,-1.3470706778263652,-0.0,878.2461075458234
2021-04-14,0,-1.173208196739397,-0.0,878.2461075458234
2021-04-15,0,-1.3586236055238354,-0.0,878.2461075458234
2021-04-16,0,-0.5826890639011885,0.0,878.2461075458234
2021-04-19,0,-1.22988173042515,-0.0,878.2461075458234
2021-04-20,0,-1.525964975999134,-0.0,878.2461075458234
2021-04-21,0,-1.0706003253456884,0.0,878.2461075458234
2021-04-22,0,-1.438703745241714,-0.0,878.2461075458234
2021-04-23,0,-0.7543176968268352,0.0,878.2461075458234
2021-04-26,0,-0.5961130356399522,0.0,878.2461075458234
2021-04-27,0,-0.2752857368024981,0.0,878.2461075458234
2021-04-28,0,0.06401397049483305,-0.0,878.2461075458234
2021-04-29,0,0.03040329156962445,-0.0,878.2461075458234
2021-04-30,0,0.8071378465468084,0.0,878.2461075458234
2021-05-03,0,2.4324603240207345,0.0,878.2461075458234
2021-05-04,0,1.9556090307260996,-0.0,878.2461075458234
2021-05-05,0,1.7320062655863007,-0.0,878.2461075458234
2021-05-06,0,1.4594432328429752,-0.0,878.2461075458234
2021-05-07,0,0.8490268292755768,-0.0,878.2461075458234
2021-05-10,0,0.21537624077943893,-0.0,878.2461075458234
2021-05-11,0,0.33122646359788693,0.0,878.2461075458234
2021-05-12,0,1.3963471860856602,0.0,878.2461075458234
2021-05-13,0,0.9602245031702212,-0.0,878.2461075458234
2021-05-14,0,2.0069260086853156,0.0,878.2461075458234
2021-05-17,0,1.3213715959917909,-0.0,878.2461075458234
2021-05-18,0,1.239133466522251,0.0,878.2461075458234
2021-05-19,0,0.8607296909353643,-0.0,878.2461075458234
2021-05-20,0,0.764042829928309,-0.0,878.2461075458234
2021-05-21,0,0.7772150254108574,0.0,878.2461075458234
2021-05-24,0,0.8973724318794365,0.0,878.2461075458234
2021-05-25,0,1.097871436865683,0.0,878.2461075458234
2021-05-26,0,1.5055273917804135,0.0,878.2461075458234
2021-05-27,0,2.3013257916139347,0.0,878.2461075458234
2021-05-28,0,1.9811518711397826,-0.0,878.2461075458234
2021-06-01,0,1.60963790625043,-0.0,878.2461075458234
2021-06-02,0,2.154118116067901,0.0,878.2461075458234
2021-06-03,0,1.478781235225348,-0.0,878.2461075458234
2021-06-04,0,1.2687189117127942,-0.0,878.2461075458234
2021-06-07,0,1.1579193516757889,0.0,878.2461075458234
2021-06-08,0,0.8093099954702391,-0.0,878.2461075458234
2021-06-09,0,-0.19909268963831409,-0.0,878.2461075458234
2021-06-10,0,-0.31325017444673325,-0.0,878.2461075458234
2021-06-11,0,-0.3920022333135589,0.0,878.2461075458234
2021-06-14,0,0.008548206085938368,0.0,878.2461075458234
2021-06-15,0,-1.2362860296393352,-0.0,878.2461075458234
2021-06-16,0,-1.4816944676225026,-0.0,878.2461075458234
2021-06-17,0,-1.6525271737822753,0.0,878.2461075458234
2021-06-18,0,-1.8958501010800344,-0.0,878.2461075458234
2021-06-21,0,-1.0977631234720697,0.0,878.2461075458234
2021-06-22,0,-1.265473894096718,-0.0,878.2461075458234
2021-06-23,0,-1.5449693438268912,-0.0,878.2461075458234
2021-06-24,0,-1.1874567044741513,0.0,878.2461075458234
2021-06-25,0,-1.0494302393064106,0.0,878.2461075458234
2021-06-28,0,-2.0025905011021266,-0.0,878.2461075458234
2021-06-29,0,-1.9424475483600063,-0.0,878.2461075458234
2021-06-30,0,-1.5469913675846847,0.0,878.2461075458234
2021-07-01,0,-1.5977161022723365,-0.0,878.2461075458234
2021-07-02,0,-1.3690344931683271,0.0,878.2461075458234
2021-07-06,0,-1.703187641375349,-0.0,878.2461075458234
2021-07-07,0,-1.933560025518807,-0.0,878.2461075458234
2021-07-08,0,-2.1857424438186657,-0.0,878.2461075458234
2021-07-09,0,-1.7673670958228458,0.0,878.2461075458234
2021-07-12,0,-1.7686184411028183,-0.0,878.2461075458234
2021-07-13,0,-1.8436229007158298,-0.0,878.2461075458234
2021-07-14,0,-1.9829144909357463,-0.0,878.2461075458234
2021-07-15,0,-1.9013650280587668,-0.0,878.2461075458234
2021-07-16,0,-1.7895614742770698,0.0,878.2461075458234
2021-07-19,0,-1.833894391128242,-0.0,878.2461075458234
2021-07-20,0,-1.7203243472238179,-0.0,878.2461075458234
2021-07-21,0,-1.53939381918757,0.0,878.2461075458234
2021-07-22,0,-1.5879672939701983,-0.0,878.2461075458234
2021-07-23,0,-1.4137909210104764,0.0,878.2461075458234
2021-07-26,0,-1.276741208508577,0.0,878.2461075458234
2021-07-27,0,-1.0348846999798718,0.0,878.2461075458234
2021-07-28,0,-0.6565097994503724,0.0,878.2461075458234
2021-07-29,0,-0.7202508442327051,-0.0,878.2461075458234
2021-07-30,0,-0.44763643305388695,0.0,878.2461075458234
2021-08-02,0,-0.5585613935071229,-0.0,878.2461075458234
2021-08-03,0,0.03732454239770074,0.0,878.2461075458234
2021-08-04,0,-0.6185304859062619,-0.0,878.2461075458234
2021-08-05,0,-0.20674968450465314,0.0,878.2461075458234
2021-08-06,0,-0.11923654972204849,-0.0,878.2461075458234
2021-08-09,0,0.04750259702639665,0.0,878.2461075458234
2021-08-10,0,0.03871518164875559,-0.0,878.2461075458234
2021-08-11,0,-0.005695105811455317,-0.0,878.2461075458234
2021-08-12,0,0.3448514464499253,0.0,878.2461075458234
2021-08-13,0,0.26512782494364273,-0.0,878.2461075458234
2021-08-16,0,-0.08472376963937012,-0.0,878.2461075458234
2021-08-17,0,-0.4369346180712792,-0.0,878.2461075458234
2021-08-18,0,-0.3573264286664688,0.0,878.2461075458234
2021-08-19,0,-0.4397020115177623,0.0,878.2461075458234
2021-08-20,0,-0.43085160621938035,-0.0,878.2461075458234
2021-08-23,0,0.050649894065047586,0.0,878.2461075458234
2021-08-24,0,1.4496137865224015,0.0,878.2461075458234
2021-08-25,0,2.067029977992732,0.0,878.2461075458234
2021-08-26,0,1.8351007042385734,0.0,878.2461075458234
2021-08-27,0,1.9702187302684562,0.0,878.2461075458234
2021-08-30,0,1.5571865024570257,-0.0,878.2461075458234
2021-08-31,0,2.068211725001372,0.0,878.2461075458234
2021-09-01,0,0.951836205134091,-0.0,878.2461075458234
2021-09-02,0,0.7598238781894274,-0.0,878.2461075458234
2021-09-03,0,0.5102217169437269,-0.0,878.2461075458234
2021-09-07,0,1.3970038478348812,0.0,878.2461075458234
2021-09-08,0,0.28703602556490854,-0.0,878.2461075458234
2021-09-09,0,0.08406083437099793,-0.0,878.2461075458234
2021-09-10,0,0.04103033097812779,0.0,878.2461075458234
2021-09-13,0,1.0719544339838882,0.0,878.2461075458234
2021-09-14,0,0.49832445582969354,-0.0,878.2461075458234
2021-09-15,0,0.3032774776896533,-0.0,878.2461075458234
2021-09-16,0,-0.0876578674036344,-0.0,878.2461075458234
2021-09-17,0,0.6853356585826659,0.0,878.2461075458234
2021-09-20,0,-0.23984920890719616,-0.0,878.2461075458234
2021-09-21,0,0.12604977611084658,0.0,878.2461075458234
2021-09-22,0,0.3367154095565238,-0.0,878.2461075458234
2021-09-23,0,0.09861669868702126,-0.0,878.2461075458234
2021-09-24,0,-0.005437330652816182,-0.0,878.2461075458234
2021-09-27,0,1.0854210293582365,0.0,878.2461075458234
2021-09-28,0,0.7552528041017634,-0.0,878.2461075458234
2021-09-29,0,-0.0713714796235641,-0.0,878.2461075458234
2021-09-30,0,1.3098894245931672,0.0,878.2461075458234
2021-10-01,0,1.971421665377363,0.0,878.2461075458234
2021-10-04,0,2.4389415188044854,0.0,878.2461075458234
2021-10-05,0,1.7191401115253206,-0.0,878.2461075458234
2021-10-06,-1,3.3691605276079306,-15.0,863.2461075458234
2021-10-07,-1,2.9606768998558315,-38.469754560932365,824.776352984891
2021-10-08,-1,2.9851974838585003,-71.77285983489635,753.0034931499946
2021-10-11,-1,2.493934687294799,-11.214003113586521,741.7894900364081
2021-10-12,-1,2.745146544653151,-202.86057551840824,538.9289145179998
2021-10-13,-1,2.1793415969523826,67.37383559916869,606.3027501171686
2021-10-14,-1,1.9497675468433397,40.756959393420495,647.0597095105891
2021-10-15,-1,1.3637667800053335,172.25233996487037,819.3120494754594
2021-10-18,-1,1.089130657933142,61.95226156565613,881.2643110411155
2021-10-19,-1,1.367432400609863,-88.27110434717393,792.9932066939416
2021-10-20,-1,1.4419041244716362,-48.580495259020786,744.4127114349208
2021-10-21,-1,2.042750485619996,-324.3394324021907,420.07327903273006
2021-10-22,-1,1.4112780300032561,200.89797455895012,620.9712535916801
2021-10-25,-1,1.41142805149313,10.925065258979329,631.8963188506594
2021-10-26,0,0.53572422012227,345.3507088443317,977.2470276949912
2021-10-27,0,0.05143464820112486,-0.0,977.2470276949912
2021-10-28,0,-0.13714056788957737,-0.0,977.2470276949912
2021-10-29,0,-0.6335845534833929,-0.0,977.2470276949912
2021-11-01,0,-0.8985051396291015,-0.0,977.2470276949912
2021-11-02,0,-1.3742209050410745,-0.0,977.2470276949912
2021-11-03,0,-1.018198189526636,0.0,977.2470276949912
2021-11-04,0,-1.0736938313188922,-0.0,977.2470276949912
2021-11-05,0,-0.7788576892058142,0.0,977.2470276949912
2021-11-08,0,-1.141736597337431,-0.0,977.2470276949912
2021-11-09,0,-1.2354054675083153,-0.0,977.2470276949912
2021-11-10,0,-1.2385881808162644,0.0,977.2470276949912
2021-11-11,0,-1.1349922822864549,0.0,977.2470276949912
2021-11-12,0,-1.1364419089489664,0.0,977.2470276949912
2021-11-15,0,-1.039596592797166,0.0,977.2470276949912
2021-11-16,0,-1.0670180365154236,-0.0,977.2470276949912
2021-11-17,0,-1.910673251332542,-0.0,977.2470276949912
2021-11-18,0,-1.6500480119414682,0.0,977.2470276949912
2021-11-19,0,-1.7006206713057432,-0.0,977.2470276949912
2021-11-22,0,-1.3778912331578228,0.0,977.2470276949912
2021-11-23,0,-1.2633376888561496,-0.0,977.2470276949912
2021-11-24,0,-1.1809848551806663,-0.0,977.2470276949912
2021-11-26,0,-1.8242133139102055,-0.0,977.2470276949912
2021-11-29,0,-1.7326634164303556,-0.0,977.2470276949912
2021-11-30,0,-1.4011776122369481,0.0,977.2470276949912
2021-12-01,0,-1.1936189808758024,0.0,977.2470276949912
2021-12-02,0,-0.4719222488020318,0.0,977.2470276949912
2021-12-03,0,-0.7702368036446213,-0.0,977.2470276949912
2021-12-06,0,-0.7607315833884727,-0.0,977.2470276949912
2021-12-07,0,-0.5523106762780357,0.0,977.2470276949912
2021-12-08,0,-1.0342974906297713,-0.0,977.2470276949912
2021-12-09,0,-1.2747848310679906,-0.0,977.2470276949912
2021-12-10,0,-1.1758166468777727,0.0,977.2470276949912
2021-12-13,0,-1.650886749435867,-0.0,977.2470276949912
2021-12-14,0,-1.497660595949425,0.0,977.2470276949912
2021-12-15,0,-1.219682683552046,0.0,977.2470276949912
2021-12-16,0,-0.9459456796303585,0.0,977.2470276949912
2021-12-17,0,-0.13698999833822692,0.0,977.2470276949912
2021-12-20,0,0.4736544663408258,0.0,977.2470276949912
2021-12-21,0,1.1720738428040858,0.0,977.2470276949912
2021-12-22,0,0.8740862897067116,-0.0,977.2470276949912
2021-12-23,0,1.1488612775249145,0.0,977.2470276949912
2021-12-27,0,1.4454161507010288,0.0,977.2470276949912
2021-12-28,0,2.2970662258579755,0.0,977.2470276949912
2021-12-29,0,2.5081680525081933,0.0,977.2470276949912
2021-12-30,0,2.319287952618045,0.0,977.2470276949912
2021-12-31,0,2.2084425877255205,0.0,977.2470276949912
2022-01-03,0,1.7605598881940387,-0.0,977.2470276949912
2022-01-04,0,1.1144760985215567,-0.0,977.2470276949912
2022-01-05,0,0.5569682200911685,-0.0,977.2470276949912
2022-01-06,0,0.6176881645372414,-0.0,977.2470276949912
2022-01-07,0,0.6759622507433133,0.0,977.2470276949912
2022-01-10,0,0.8249693912647093,0.0,977.2470276949912
2022-01-11,0,0.6066579126372692,-0.0,977.2470276949912
2022-01-12,0,0.8815206378231674,0.0,977.2470276949912
2022-01-13,0,0.6322165922874019,-0.0,977.2470276949912
2022-01-14,0,0.7992687831597385,0.0,977.2470276949912
2022-01-18,0,0.35505599439918895,-0.0,977.2470276949912
2022-01-19,0,-0.3284295235558954,-0.0,977.2470276949912
2022-01-20,0,-1.5900736095947607,-0.0,977.2470276949912
2022-01-21,0,-1.8594608505701908,-0.0,977.2470276949912
2022-01-24,0,-2.2309037186556,-0.0,977.2470276949912
2022-01-25,0,-1.9988287073813105,-0.0,977.2470276949912
2022-01-26,0,-1.5988634023298636,0.0,977.2470276949912
2022-01-27,0,-1.6785042929402842,-0.0,977.2470276949912
2022-01-28,0,-1.8343333154279329,-0.0,977.2470276949912
2022-01-31,0,-1.4974582880347296,0.0,977.2470276949912
2022-02-01,0,-1.9126406249234744,-0.0,977.2470276949912
2022-02-02,0,-1.4126736201521652,0.0,977.2470276949912
2022-02-03,0,-1.440557834732696,-0.0,977.2470276949912
2022-02-04,0,-1.4143233173938823,-0.0,977.2470276949912
2022-02-07,0,-0.844494690988543,0.0,977.2470276949912
2022-02-08,0,-0.4746990954132722,0.0,977.2470276949912
2022-02-09,0,-0.21981454905151432,0.0,977.2470276949912
2022-02-10,0,0.36363327939367834,0.0,977.2470276949912
2022-02-11,0,0.39023780033968675,-0.0,977.2470276949912
2022-02-14,0,0.17430811186201417,-0.0,977.2470276949912
2022-02-15,0,0.20491582055772953,0.0,977.2470276949912
2022-02-16,0,-0.04791946985372,-0.0,977.2470276949912
2022-02-17,0,-0.3078386328602696,-0.0,977.2470276949912
2022-02-18,0,-0.04055106169577809,0.0,977.2470276949912
2022-02-22,0,0.04699114284379938,0.0,977.2470276949912
2022-02-23,0,0.16236124752575576,0.0,977.2470276949912
2022-02-24,0,-0.3410966591876691,-0.0,977.2470276949912
2022-02-25,0,-0.7945851498808306,-0.0,977.2470276949912
2022-02-28,0,-1.573395305490928,-0.0,977.2470276949912
2022-03-01,0,-2.8390506586765385,-0.0,977.2470276949912
2022-03-02,0,-2.0750363587604332,0.0,977.2470276949912
2022-03-03,0,-1.904397783703534,-0.0,977.2470276949912
2022-03-04,0,-2.22719664447974,-0.0,977.2470276949912
2022-03-07,1,-3.2057340419550213,-15.0,962.2470276949912
2022-03-08,1,-1.4277348312655358,691.4370002325259,1653.684027927517
2022-03-09,0,-0.7915609681455402,253.67867868977297,1907.36270661729
2022-03-10,0,-0.8589423595794223,-0.0,1907.36270661729
2022-03-11,0,-0.14505732462572818,0.0,1907.36270661729
2022-03-14,0,0.45415437276602133,0.0,1907.36270661729
2022-03-15,0,0.19545403538466885,-0.0,1907.36270661729
2022-03-16,0,0.40186294832806096,0.0,1907.36270661729
2022-03-17,0,0.8663688639397555,0.0,1907.36270661729
2022-03-18,0,1.2337837394296125,0.0,1907.36270661729
2022-03-21,0,1.1329579744536344,-0.0,1907.36270661729
2022-03-22,0,1.0154234468940078,-0.0,1907.36270661729
2022-03-23,0,1.0944745543242365,0.0,1907.36270661729
2022-03-24,0,1.2047119918450095,0.0,1907.36270661729
2022-03-25,0,0.918279142769539,-0.0,1907.36270661729
2022-03-28,0,1.3172264884616234,0.0,1907.36270661729
2022-03-29,0,1.4407699304029633,0.0,1907.36270661729
2022-03-30,0,1.8169694167191255,0.0,1907.36270661729
2022-03-31,0,2.0922127063800553,0.0,1907.36270661729
2022-04-01,0,1.7551665454577052,-0.0,1907.36270661729
2022-04-04,0,1.5307330048728043,-0.0,1907.36270661729
2022-04-05,0,1.6166905802044738,0.0,1907.36270661729
2022-04-06,0,1.6231364716297794,0.0,1907.36270661729
2022-04-07,0,1.280808475110148,-0.0,1907.36270661729
2022-04-08,0,0.8881697519970486,-0.0,1907.36270661729
2022-04-11,0,0.9812309923007368,0.0,1907.36270661729
2022-04-12,0,0.6058962518564505,-0.0,1907.36270661729
2022-04-13,0,0.8402300767293579,0.0,1907.36270661729
2022-04-14,0,0.7502448827786276,-0.0,1907.36270661729
2022-04-18,0,1.4586190523295712,0.0,1907.36270661729
2022-04-19,0,1.181541457890615,-0.0,1907.36270661729
2022-04-20,0,1.1695063100651837,0.0,1907.36270661729
2022-04-21,0,0.6739470446739683,-0.0,1907.36270661729
2022-04-22,0,0.6982569105954282,0.0,1907.36270661729
2022-04-25,0,0.9204201282977765,0.0,1907.36270661729
2022-04-26,0,1.9253096429767793,0.0,1907.36270661729
2022-04-27,0,2.2304102072273326,0.0,1907.36270661729
2022-04-28,0,2.711363358862465,0.0,1907.36270661729
2022-04-29,0,2.046055609427904,-0.0,1907.36270661729
2022-05-02,0,2.554521708618935,0.0,1907.36270661729
2022-05-03,0,2.6855252809097037,0.0,1907.36270661729
2022-05-04,0,2.741055239920898,0.0,1907.36270661729
2022-05-05,0,2.2880147278080623,-0.0,1907.36270661729
2022-05-06,0,2.2705244761697405,0.0,1907.36270661729
2022-05-09,0,1.7293728910682695,0.0,1907.36270661729
2022-05-10,0,1.8267778277469642,0.0,1907.36270661729
2022-05-11,0,1.4945393685835586,-0.0,1907.36270661729
2022-05-12,0,1.331344385158484,-0.0,1907.36270661729
2022-05-13,0,1.4107408445208083,0.0,1907.36270661729
2022-05-16,0,1.39729228753395,-0.0,1907.36270661729
2022-05-17,0,1.1824094014851594,-0.0,1907.36270661729
2022-05-18,0,0.8985665727038491,-0.0,1907.36270661729
2022-05-19,0,0.7250308453908644,-0.0,1907.36270661729
2022-05-20,0,0.4171891419398821,-0.0,1907.36270661729
2022-05-23,0,0.20350551217446172,-0.0,1907.36270661729
2022-05-24,0,0.11380721860501929,-0.0,1907.36270661729
2022-05-25,0,0.19782889383533614,0.0,1907.36270661729
2022-05-26,0,0.20274982009119302,0.0,1907.36270661729
2022-05-27,0,0.5584035064219091,0.0,1907.36270661729
2022-05-31,0,0.4397344849239019,0.0,1907.36270661729
2022-06-01,0,0.5399254456294134,0.0,1907.36270661729
2022-06-02,0,0.7127170785438436,0.0,1907.36270661729
2022-06-03,0,0.7193382778310053,-0.0,1907.36270661729
2022-06-06,0,1.4677522508571685,0.0,1907.36270661729
2022-06-07,0,1.830350112376848,-0.0,1907.36270661729
2022-06-08,0,1.1167111180359794,-0.0,1907.36270661729
2022-06-09,0,1.6873398240772357,0.0,1907.36270661729
2022-06-10,0,1.3597838950156818,0.0,1907.36270661729
2022-06-13,0,0.1367349017305535,-0.0,1907.36270661729
2022-06-14,0,0.7185197818416189,0.0,1907.36270661729
2022-06-15,0,-0.707474462058451,-0.0,1907.36270661729
2022-06-16,0,-2.3230272454656355,-0.0,1907.36270661729
2022-06-17,0,-2.16110508268449,0.0,1907.36270661729
2022-06-21,0,-2.361473064356427,-0.0,1907.36270661729
2022-06-22,0,-1.9529548178814131,0.0,1907.36270661729
2022-06-23,0,-2.7503069584827338,-0.0,1907.36270661729
2022-06-24,0,-2.712103765928612,-0.0,1907.36270661729
2022-06-27,0,-1.5122463428557023,0.0,1907.36270661729
2022-06-28,0,-1.2066169432275196,0.0,1907.36270661729
2022-06-29,0,-1.668694700273544,-0.0,1907.36270661729
2022-06-30,0,-1.5076121429683624,0.0,1907.36270661729
2022-07-01,0,-1.4551309183778849,-0.0,1907.36270661729
2022-07-05,0,-1.5272011560389034,-0.0,1907.36270661729
2022-07-06,0,-1.439657291397224,0.0,1907.36270661729
2022-07-07,0,-1.135770894226301,0.0,1907.36270661729
2022-07-08,0,-1.0067601078476274,0.0,1907.36270661729
2022-07-11,0,-0.7936184528753539,0.0,1907.36270661729
2022-07-12,0,-0.9583680888615075,-0.0,1907.36270661729
2022-07-13,0,-1.243345514167528,-0.0,1907.36270661729
2022-07-14,0,-1.12645088665181,0.0,1907.36270661729
2022-07-15,0,-0.7843862682357547,0.0,1907.36270661729
2022-07-18,0,-0.7333248740331529,-0.0,1907.36270661729
2022-07-19,0,-0.6801018858660194,-0.0,1907.36270661729
2022-07-20,0,-0.7010427490048364,-0.0,1907.36270661729
2022-07-21,0,-1.1352120329046274,-0.0,1907.36270661729
2022-07-22,0,-0.9965814042308582,0.0,1907.36270661729
2022-07-25,0,-0.6434752119060568,0.0,1907.36270661729
2022-07-26,0,-0.8589306408172955,-0.0,1907.36270661729
2022-07-27,0,-0.47604836312615756,0.0,1907.36270661729
2022-07-28,0,-1.3007125133436788,-0.0,1907.36270661729
2022-07-29,0,-2.387938642245887,-0.0,1907.36270661729
2022-08-01,0,-1.4998898982698627,0.0,1907.36270661729
2022-08-02,0,-0.5206637271283034,0.0,1907.36270661729
2022-08-03,0,-0.7753133975209977,-0.0,1907.36270661729
2022-08-04,0,-0.43127916340392297,0.0,1907.36270661729
2022-08-05,0,-0.7065348751969944,-0.0,1907.36270661729
2022-08-08,0,-0.3674827852638311,0.0,1907.36270661729
2022-08-09,0,0.7488165005006002,0.0,1907.36270661729
2022-08-10,0,0.9445190498017306,-0.0,1907.36270661729
2022-08-11,0,0.6640939472213193,-0.0,1907.36270661729
2022-08-12,0,0.7717707668792856,-0.0,1907.36270661729
2022-08-15,0,0.12190462064001692,-0.0,1907.36270661729
2022-08-16,0,1.2096816663679906,0.0,1907.36270661729
2022-08-17,0,2.5216893252229613,0.0,1907.36270661729
2022-08-18,0,1.7851355361235997,-0.0,1907.36270661729
2022-08-19,0,1.7111177983386499,0.0,1907.36270661729
2022-08-22,0,1.8637285818620386,0.0,1907.36270661729
2022-08-23,0,1.2559864748919134,-0.0,1907.36270661729
2022-08-24,0,0.9606601057025214,-0.0,1907.36270661729
2022-08-25,0,1.1237733404468988,0.0,1907.36270661729
2022-08-26,0,1.0347827998251564,0.0,1907.36270661729
2022-08-29,0,0.6759833979231864,-0.0,1907.36270661729
2022-08-30,0,0.2821434280657025,-0.0,1907.36270661729
2022-08-31,0,0.23710059444980913,0.0,1907.36270661729
2022-09-01,0,-1.3153345873231148,-0.0,1907.36270661729
2022-09-02,0,-0.8913062977166613,0.0,1907.36270661729
2022-09-06,0,-0.963551598338664,-0.0,1907.36270661729
2022-09-07,0,-0.7113536896201103,0.0,1907.36270661729
2022-09-08,0,-1.166894686839948,-0.0,1907.36270661729
2022-09-09,0,-1.2781695270479851,-0.0,1907.36270661729
2022-09-12,0,-1.4908719498464127,-0.0,1907.36270661729
2022-09-13,0,-1.6064651037534943,0.0,1907.36270661729
2022-09-14,0,-2.6308312822624957,-0.0,1907.36270661729
2022-09-15,0,-2.5776764037700146,-0.0,1907.36270661729
2022-09-16,0,-2.049477324346804,0.0,1907.36270661729
2022-09-19,0,-1.827963558237889,0.0,1907.36270661729
2022-09-20,0,-0.9585539100566125,0.0,1907.36270661729
2022-09-21,0,-0.9485439285227958,0.0,1907.36270661729
2022-09-22,0,-0.3657044367245989,0.0,1907.36270661729
2022-09-23,0,-0.6886156915875089,-0.0,1907.36270661729
2022-09-26,0,-0.7941854593525403,-0.0,1907.36270661729
2022-09-27,0,-0.4777164884623479,0.0,1907.36270661729
2022-09-28,0,0.4488490041749181,0.0,1907.36270661729
2022-09-29,0,0.20592421574677608,-0.0,1907.36270661729
2022-09-30,0,0.5183728778675041,0.0,1907.36270661729
2022-10-03,0,0.645857327870716,-0.0,1907.36270661729
2022-10-04,0,1.0895048647387315,0.0,1907.36270661729
2022-10-05,0,0.16447492248873657,-0.0,1907.36270661729
2022-10-06,0,-0.36460082790768417,-0.0,1907.36270661729
2022-10-07,0,-1.4677600694658341,-0.0,1907.36270661729
2022-10-10,0,-1.516408497886376,-0.0,1907.36270661729
2022-10-11,0,-1.4914865749097812,-0.0,1907.36270661729
2022-10-12,0,0.02031625973069739,0.0,1907.36270661729
2022-10-13,0,0.6267804372681293,0.0,1907.36270661729
2022-10-14,0,-0.5228510282655926,-0.0,1907.36270661729
2022-10-17,0,-0.55079842653369,-0.0,1907.36270661729
2022-10-18,0,0.09354725825440004,0.0,1907.36270661729
2022-10-19,0,1.00341021781859,0.0,1907.36270661729
2022-10-20,0,1.0598096627552371,0.0,1907.36270661729
2022-10-21,0,1.3285876623160568,0.0,1907.36270661729
2022-10-24,0,1.420557697479932,0.0,1907.36270661729
2022-10-25,0,0.9073395689903412,-0.0,1907.36270661729
2022-10-26,0,0.44330336459577924,-0.0,1907.36270661729
2022-10-27,0,0.7082107052582374,0.0,1907.36270661729
2022-10-28,0,-1.1408481038778948,-0.0,1907.36270661729
2022-10-31,0,-1.3575188325981604,-0.0,1907.36270661729
2022-11-01,0,-0.3204481688938528,0.0,1907.36270661729
2022-11-02,0,-0.833630565846126,-0.0,1907.36270661729
2022-11-03,0,-0.10459841454998461,0.0,1907.36270661729
2022-11-04,0,-0.8407508785331348,-0.0,1907.36270661729
2022-11-07,0,-0.34359897414520507,0.0,1907.36270661729
2022-11-08,0,-0.31605729333269406,-0.0,1907.36270661729
2022-11-09,0,0.1892829968153947,0.0,1907.36270661729
2022-11-10,0,1.0514310039401185,0.0,1907.36270661729
2022-11-11,0,0.3192726411727562,-0.0,1907.36270661729
2022-11-14,0,1.1601933306900056,0.0,1907.36270661729
2022-11-15,0,2.128330799856814,0.0,1907.36270661729
2022-11-16,0,1.1436118739119072,-0.0,1907.36270661729
2022-11-17,0,1.701637914941968,0.0,1907.36270661729
2022-11-18,0,1.8038369149094167,0.0,1907.36270661729
2022-11-21,0,1.5831652160240812,-0.0,1907.36270661729
2022-11-22,0,2.1588204520887335,0.0,1907.36270661729
2022-11-23,0,1.3979034803799484,-0.0,1907.36270661729
2022-11-25,0,1.2110040188108049,-0.0,1907.36270661729
2022-11-28,0,1.1985244517625528,0.0,1907.36270661729
2022-11-29,0,1.0025185774030787,-0.0,1907.36270661729
2022-11-30,0,0.24140385929827032,-0.0,1907.36270661729
2022-12-01,0,-0.053294725157503546,-0.0,1907.36270661729
2022-12-02,0,-1.1466270830707719,-0.0,1907.36270661729
2022-12-05,0,-1.7635581642773788,-0.0,1907.36270661729
2022-12-06,0,-1.3265189543992943,0.0,1907.36270661729
2022-12-07,0,-0.8548004904910781,0.0,1907.36270661729
2022-12-08,0,-1.7798973023124394,-0.0,1907.36270661729
2022-12-09,0,-1.887023054909675,-0.0,1907.36270661729
2022-12-12,0,-1.1480251655055125,0.0,1907.36270661729
2022-12-13,0,-1.45195219919981,-0.0,1907.36270661729
2022-12-14,0,-1.3584634609329163,0.0,1907.36270661729
2022-12-15,0,-1.0432293921006892,0.0,1907.36270661729
2022-12-16,0,-0.9439978314352502,0.0,1907.36270661729
2022-12-19,0,-0.9689942489516012,-0.0,1907.36270661729
2022-12-20,0,-0.8431276743164909,0.0,1907.36270661729
2022-12-21,0,-0.9633619992293475,-0.0,1907.36270661729
2022-12-22,0,-1.0380179824457412,-0.0,1907.36270661729
2022-12-23,0,-0.6610334763152685,0.0,1907.36270661729
2022-12-27,0,-0.5622077085032109,0.0,1907.36270661729
2022-12-28,0,-0.3336369308453909,0.0,1907.36270661729
2022-12-29,0,-0.2767167398323786,-0.0,1907.36270661729
2022-12-30,0,-0.3854515704008765,-0.0,1907.36270661729
2023-01-03,0,-0.8772701689144246,-0.0,1907.36270661729
2023-01-04,0,-0.9848240877747613,-0.0,1907.36270661729
2023-01-05,0,0.03414273855679252,0.0,1907.36270661729
2023-01-06,0,-0.004207636315197714,-0.0,1907.36270661729
2023-01-09,0,0.9797505569989946,0.0,1907.36270661729
2023-01-10,0,1.5477663412619986,0.0,1907.36270661729
2023-01-11,0,1.7383586528617452,-0.0,1907.36270661729
2023-01-12,0,1.7805122544407752,-0.0,1907.36270661729
2023-01-13,0,2.0560884277191946,0.0,1907.36270661729
2023-01-17,0,2.4234012964452294,0.0,1907.36270661729
2023-01-18,0,2.263423341610174,0.0,1907.36270661729
2023-01-19,0,2.4637654988320428,0.0,1907.36270661729
2023-01-20,0,2.520932319481943,0.0,1907.36270661729
2023-01-23,0,2.372020236038021,0.0,1907.36270661729
2023-01-24,0,2.227510008320609,0.0,1907.36270661729
2023-01-25,0,1.8615697172318357,-0.0,1907.36270661729
2023-01-26,0,1.9196303456691846,0.0,1907.36270661729
2023-01-27,0,1.108838082319576,-0.0,1907.36270661729
2023-01-30,0,0.9228029270358685,-0.0,1907.36270661729
2023-01-31,0,0.3891726477645095,-0.0,1907.36270661729
2023-02-01,0,-0.05433984343910015,-0.0,1907.36270661729
2023-02-02,0,0.05410841825004146,0.0,1907.36270661729
2023-02-03,0,-0.3669879346536359,-0.0,1907.36270661729
2023-02-06,0,-1.0093416421149066,-0.0,1907.36270661729
2023-02-07,0,-0.5268978426264435,0.0,1907.36270661729
2023-02-08,0,-0.4237954271596275,0.0,1907.36270661729
2023-02-09,0,-0.8252188562623941,-0.0,1907.36270661729
2023-02-10,0,-0.31969749853710966,0.0,1907.36270661729
2023-02-13,0,-0.2282383178046883,0.0,1907.36270661729
2023-02-14,0,0.02273387957326314,0.0,1907.36270661729
2023-02-15,0,-0.6565183800576269,-0.0,1907.36270661729
2023-02-16,0,-1.1928474516714238,-0.0,1907.36270661729
2023-02-17,0,-1.0624275847762892,0.0,1907.36270661729
2023-02-21,0,-0.47638624095602444,0.0,1907.36270661729
2023-02-22,0,-0.4594293975112813,0.0,1907.36270661729
2023-02-23,0,-0.310560725794807,0.0,1907.36270661729
2023-02-24,0,-0.23539409987414875,0.0,1907.36270661729
2023-02-27,0,0.347056611388263,0.0,1907.36270661729
2023-02-28,0,-0.2699480728561714,-0.0,1907.36270661729
2023-03-01,0,1.2128224367981177,0.0,1907.36270661729
2023-03-02,0,1.0266766908064295,-0.0,1907.36270661729
2023-03-03,0,1.0924756319628108,-0.0,1907.36270661729
2023-03-06,0,0.5415289704313666,-0.0,1907.36270661729
2023-03-07,0,0.5377964393633501,0.0,1907.36270661729
2023-03-08,0,0.027596006345674967,-0.0,1907.36270661729
2023-03-09,0,0.21648984470492066,0.0,1907.36270661729
2023-03-10,0,0.7372675576613565,0.0,1907.36270661729
2023-03-13,0,-0.03528141381388496,-0.0,1907.36270661729
2023-03-14,0,0.9717189199761285,0.0,1907.36270661729
2023-03-15,0,0.5305295160514796,0.0,1907.36270661729
2023-03-16,0,1.5329830877737773,0.0,1907.36270661729
2023-03-17,0,1.5638681516111743,0.0,1907.36270661729
2023-03-20,0,1.3467620572236014,-0.0,1907.36270661729
2023-03-21,0,0.7596182703906342,-0.0,1907.36270661729
2023-03-22,0,1.377446685118891,0.0,1907.36270661729
2023-03-23,0,1.2648298847738195,0.0,1907.36270661729
2023-03-24,0,0.8319633719902649,-0.0,1907.36270661729
2023-03-27,0,0.8010295214622034,-0.0,1907.36270661729
2023-03-28,0,1.5331235034824982,0.0,1907.36270661729
2023-03-29,0,1.1014704205705068,-0.0,1907.36270661729
2023-03-30,0,0.8830510246496391,-0.0,1907.36270661729
2023-03-31,0,1.605186983050569,0.0,1907.36270661729
2023-04-03,0,-1.3510722995530726,-0.0,1907.36270661729
2023-04-04,1,-3.6761712445362438,-15.0,1892.36270661729
2023-04-05,1,-2.012964908642233,407.01971521714216,2299.382421834432
2023-04-06,1,-1.94210626800574,2.85828037202597,2302.240702206458
2023-04-10,1,-1.1454851757810063,239.53747907556982,2541.778181282028
2023-04-11,0,-0.9287339639342634,24.03239277338313,2565.810574055411
2023-04-12,0,-1.5284809219388906,-0.0,2565.810574055411
2023-04-13,0,-1.6534939705499467,-0.0,2565.810574055411
2023-04-14,0,-1.8185854283073757,-0.0,2565.810574055411
2023-04-17,0,-2.017512232150574,-0.0,2565.810574055411
2023-04-18,0,-2.3754751204008144,-0.0,2565.810574055411
2023-04-19,0,-2.3971971882322034,-0.0,2565.810574055411
2023-04-20,0,-2.168702268805482,-0.0,2565.810574055411
2023-04-21,0,-2.3473114664780765,-0.0,2565.810574055411
2023-04-24,0,-2.280979102631394,-0.0,2565.810574055411
2023-04-25,0,-2.0555272157034743,-0.0,2565.810574055411
2023-04-26,0,-1.8558102463329638,0.0,2565.810574055411
2023-04-27,0,-1.9854741436991556,-0.0,2565.810574055411
2023-04-28,0,-1.932108609047016,-0.0,2565.810574055411
2023-05-01,0,-1.3835110465684504,0.0,2565.810574055411
2023-05-02,0,-1.2499116745540606,0.0,2565.810574055411
2023-05-03,0,-1.2709412914761131,-0.0,2565.810574055411
2023-05-04,0,-1.2409509371806557,-0.0,2565.810574055411
2023-05-05,0,-1.1818447517751276,-0.0,2565.810574055411
2023-05-08,0,-1.1200790063631068,-0.0,2565.810574055411
2023-05-09,0,-0.9694482334843657,0.0,2565.810574055411
2023-05-10,0,-0.54034668632162,0.0,2565.810574055411
2023-05-11,0,-0.31118386415947297,0.0,2565.810574055411
2023-05-12,0,-0.2669808833373622,-0.0,2565.810574055411
2023-05-15,0,0.05716479630834063,0.0,2565.810574055411
2023-05-16,0,0.07326292037122091,-0.0,2565.810574055411
2023-05-17,0,0.07784311374712229,-0.0,2565.810574055411
2023-05-18,0,-0.08605090987464184,-0.0,2565.810574055411
2023-05-19,0,-0.14899884722522544,-0.0,2565.810574055411
2023-05-22,0,0.5183525731265759,0.0,2565.810574055411
2023-05-23,0,0.3333779819838861,-0.0,2565.810574055411
2023-05-24,0,0.6179276902194373,0.0,2565.810574055411
2023-05-25,0,0.8582361398916422,0.0,2565.810574055411
2023-05-26,0,1.2938125359305375,0.0,2565.810574055411
2023-05-30,0,1.1411036653868631,-0.0,2565.810574055411
2023-05-31,0,0.5661319846499807,-0.0,2565.810574055411
2023-06-01,0,-0.013846419691503306,-0.0,2565.810574055411
2023-06-02,0,0.17808120586590775,0.0,2565.810574055411
2023-06-05,0,-0.168914320200302,-0.0,2565.810574055411
2023-06-06,0,0.04506782529845589,0.0,2565.810574055411
2023-06-07,0,0.4210747535438668,0.0,2565.810574055411
2023-06-08,0,0.2064592497404123,-0.0,2565.810574055411
2023-06-09,0,0.6434283379145196,0.0,2565.810574055411
2023-06-12,0,0.8293073980479085,0.0,2565.810574055411
2023-06-13,0,0.7671531668226672,-0.0,2565.810574055411
2023-06-14,0,0.7681980347571563,0.0,2565.810574055411
2023-06-15,0,1.1458537606165895,0.0,2565.810574055411
2023-06-16,0,1.428334893254968,0.0,2565.810574055411
2023-06-20,0,1.216141184964494,-0.0,2565.810574055411
2023-06-21,0,0.9879094583319771,-0.0,2565.810574055411
2023-06-22,0,0.7248299830832787,-0.0,2565.810574055411
2023-06-23,0,1.5855738777333936,0.0,2565.810574055411
2023-06-26,0,1.275321227153279,-0.0,2565.810574055411
2023-06-27,0,2.0489541982789943,0.0,2565.810574055411
2023-06-28,0,1.6315820466586273,-0.0,2565.810574055411
2023-06-29,0,1.3071407911685047,-0.0,2565.810574055411
2023-06-30,0,1.2532308852060754,0.0,2565.810574055411
2023-07-03,0,1.1296158064671373,-0.0,2565.810574055411
2023-07-05,0,1.0341633590144161,0.0,2565.810574055411
2023-07-06,0,1.4254807540208259,0.0,2565.810574055411
2023-07-07,0,1.7162331474623203,0.0,2565.810574055411
2023-07-10,0,0.19143058277288286,-0.0,2565.810574055411
2023-07-11,0,0.8736257201192258,0.0,2565.810574055411
2023-07-12,0,0.3219014169524584,-0.0,2565.810574055411
2023-07-13,0,1.2402691168431041,0.0,2565.810574055411
2023-07-14,0,1.7883282761842705,0.0,2565.810574055411
2023-07-17,0,1.6008187865994616,-0.0,2565.810574055411
2023-07-18,0,2.1667528781153353,0.0,2565.810574055411
2023-07-19,0,2.532801290192096,0.0,2565.810574055411
2023-07-20,0,2.4875261012004284,0.0,2565.810574055411
2023-07-21,0,2.617222398179374,0.0,2565.810574055411
2023-07-24,0,2.5333205267129792,0.0,2565.810574055411
2023-07-25,0,1.9710116506026905,-0.0,2565.810574055411
2023-07-26,0,2.2561355630974864,0.0,2565.810574055411
2023-07-27,0,1.8256128804640357,-0.0,2565.810574055411
2023-07-28,0,2.546386198493327,0.0,2565.810574055411
2023-07-31,0,1.6558521680157408,-0.0,2565.810574055411
2023-08-01,0,1.617872233616193,0.0,2565.810574055411
2023-08-02,0,1.4999783575882233,0.0,2565.810574055411
2023-08-03,0,0.923559422927089,-0.0,2565.810574055411
2023-08-04,0,1.0361916598650458,0.0,2565.810574055411
2023-08-07,0,1.4291513276568988,0.0,2565.810574055411
2023-08-08,0,1.5746783441163665,0.0,2565.810574055411
2023-08-09,0,1.547930378944698,0.0,2565.810574055411
2023-08-10,0,1.4802664222778037,0.0,2565.810574055411
2023-08-11,0,1.7277274401079863,0.0,2565.810574055411
2023-08-14,0,1.1956611731957194,-0.0,2565.810574055411
2023-08-15,0,0.7709953562411344,-0.0,2565.810574055411
2023-08-16,0,1.0267524881241197,0.0,2565.810574055411
2023-08-17,0,0.7547863343279506,-0.0,2565.810574055411
2023-08-18,0,0.6531213496240892,-0.0,2565.810574055411
2023-08-21,0,0.42652373576780545,-0.0,2565.810574055411
2023-08-22,0,0.4592789433038941,0.0,2565.810574055411
2023-08-23,0,0.29794290608135426,-0.0,2565.810574055411
2023-08-24,0,0.501669978918797,0.0,2565.810574055411
2023-08-25,0,0.9079191741308709,0.0,2565.810574055411
2023-08-28,0,0.028664166045363298,-0.0,2565.810574055411
2023-08-29,0,-0.4338046555698328,-0.0,2565.810574055411
2023-08-30,0,-1.0128048788791253,-0.0,2565.810574055411
2023-08-31,0,-1.8835226259731672,-0.0,2565.810574055411
2023-09-01,0,-1.3961354785436062,0.0,2565.810574055411
2023-09-05,0,-1.5395086937901963,-0.0,2565.810574055411
2023-09-06,0,-1.6017613958889763,-0.0,2565.810574055411
2023-09-07,0,-0.38154923134694596,0.0,2565.810574055411
2023-09-08,0,1.2307538626079808,0.0,2565.810574055411
2023-09-11,0,2.3655089380147087,0.0,2565.810574055411
2023-09-12,0,1.7259500763441105,-0.0,2565.810574055411
2023-09-13,0,1.7062949830965286,0.0,2565.810574055411
2023-09-14,0,0.99521230593588,-0.0,2565.810574055411
2023-09-15,0,0.8554770129444457,0.0,2565.810574055411
2023-09-18,0,1.3018794272717422,0.0,2565.810574055411
2023-09-19,0,0.1557313597518069,-0.0,2565.810574055411
2023-09-20,0,0.6092016217040335,0.0,2565.810574055411
2023-09-21,0,2.136498636559863,0.0,2565.810574055411
2023-09-22,0,1.6280801676438772,-0.0,2565.810574055411
2023-09-25,0,1.5278819361509013,-0.0,2565.810574055411
2023-09-26,0,0.008261892015337417,-0.0,2565.810574055411
2023-09-27,0,-0.537700322834386,-0.0,2565.810574055411
2023-09-28,0,0.6395343165508676,0.0,2565.810574055411
2023-09-29,0,-0.3407600320359525,-0.0,2565.810574055411
2023-10-02,0,-0.7397287347390485,-0.0,2565.810574055411
2023-10-03,0,-1.929738843801923,-0.0,2565.810574055411
2023-10-04,0,-1.7859587442740272,0.0,2565.810574055411
2023-10-05,0,-1.2995624693109151,0.0,2565.810574055411
2023-10-06,0,-0.9799949466412298,0.0,2565.810574055411
2023-10-09,0,-1.732436539514534,-0.0,2565.810574055411
2023-10-10,0,-0.8227155234047795,0.0,2565.810574055411
2023-10-11,0,0.03820909263338199,0.0,2565.810574055411
2023-10-12,0,-0.7282409199877313,-0.0,2565.810574055411
2023-10-13,0,-1.5841465764812648,-0.0,2565.810574055411
2023-10-16,0,-0.8935770190381362,0.0,2565.810574055411
2023-10-17,0,-0.913566404430892,-0.0,2565.810574055411
2023-10-18,0,-0.5828242355879806,0.0,2565.810574055411
2023-10-19,0,-0.9300454671315026,-0.0,2565.810574055411
2023-10-20,0,-0.6784416053216076,0.0,2565.810574055411
2023-10-23,0,-0.3264520876447347,0.0,2565.810574055411
2023-10-24,0,-0.45110930511819664,-0.0,2565.810574055411
2023-10-25,0,-0.897742954049854,-0.0,2565.810574055411
2023-10-26,0,-0.9275716445830013,-0.0,2565.810574055411
2023-10-27,0,-0.7553251847947161,0.0,2565.810574055411
2023-10-30,0,-0.628963468779007,0.0,2565.810574055411
2023-10-31,0,0.09243530299483073,0.0,2565.810574055411
2023-11-01,0,0.37056681683541737,0.0,2565.810574055411
2023-11-02,0,-0.24709336333751064,-0.0,2565.810574055411
2023-11-03,0,-0.511802080022958,-0.0,2565.810574055411
2023-11-06,0,0.12522061853107957,0.0,2565.810574055411
2023-11-07,0,-0.19467694497111535,-0.0,2565.810574055411
2023-11-08,0,-0.17095974533641772,0.0,2565.810574055411
2023-11-09,0,-0.9489757320585892,-0.0,2565.810574055411
2023-11-10,0,0.1157438930461605,0.0,2565.810574055411
2023-11-13,0,0.3787406756089698,0.0,2565.810574055411
2023-11-14,0,1.108593204417098,0.0,2565.810574055411
2023-11-15,0,1.7615424450417905,0.0,2565.810574055411
2023-11-16,0,0.29779307859349674,-0.0,2565.810574055411
2023-11-17,0,-0.06449410393357466,-0.0,2565.810574055411
2023-11-20,0,0.5685157188115874,0.0,2565.810574055411
2023-11-21,0,-0.4177610979235427,-0.0,2565.810574055411
2023-11-22,0,1.4777994610538006,0.0,2565.810574055411
2023-11-24,0,0.7324471351856361,-0.0,2565.810574055411
2023-11-27,0,1.6490574007107475,0.0,2565.810574055411
2023-11-28,0,1.3187290378530772,-0.0,2565.810574055411
2023-11-29,0,1.605014253612245,0.0,2565.810574055411
2023-11-30,0,1.9801971115995758,0.0,2565.810574055411
2023-12-01,0,2.17867224149926,0.0,2565.810574055411
2023-12-04,0,2.2726678554552775,0.0,2565.810574055411
2023-12-05,0,2.5898601486972748,0.0,2565.810574055411
2023-12-06,0,1.7312216274492573,-0.0,2565.810574055411
2023-12-07,0,1.642176331835705,0.0,2565.810574055411
2023-12-08,0,1.2931787677405548,-0.0,2565.810574055411
2023-12-11,0,1.4795238570997196,0.0,2565.810574055411
2023-12-12,0,1.0447573709393827,-0.0,2565.810574055411
2023-12-13,0,2.0895608514668917,0.0,2565.810574055411
2023-12-14,0,2.324937928404063,0.0,2565.810574055411
2023-12-15,0,2.11194301797588,0.0,2565.810574055411
2023-12-18,0,2.5548532867035116,0.0,2565.810574055411
2023-12-19,0,2.2793553193175913,-0.0,2565.810574055411
2023-12-20,0,2.2273135787076304,0.0,2565.810574055411
2023-12-21,0,1.7635345537860059,-0.0,2565.810574055411
2023-12-22,0,1.6636665147598897,0.0,2565.810574055411
2023-12-26,0,1.6999496012530784,0.0,2565.810574055411
2023-12-27,0,1.3929705038219096,-0.0,2565.810574055411
2023-12-28,0,1.277584678972143,0.0,2565.810574055411
2023-12-29,0,1.222365552908877,0.0,2565.810574055411
